Time [s],x,y,z,flag
815.005,-0.179688,-0.109375,0.421875,0
815.016,-0.171875,-0.132812,0.429688,0
815.026,-0.164062,-0.109375,0.414062,0
815.037,-0.171875,-0.101562,0.4375,0
815.048,-0.171875,-0.09375,0.445312,0
815.058,-0.179688,-0.101562,0.421875,0
815.069,-0.164062,-0.09375,0.421875,0
815.079,-0.164062,-0.109375,0.421875,0
815.09,-0.148438,-0.109375,0.4375,0
815.101,-0.140625,-0.117188,0.445312,0
815.111,-0.132812,-0.117188,0.453125,0
815.122,-0.132812,-0.125,0.421875,0
815.132,-0.140625,-0.109375,0.4375,0
815.143,-0.15625,-0.101562,0.445312,0
815.153,-0.140625,-0.109375,0.460938,0
815.164,-0.140625,-0.125,0.46875,0
815.174,-0.132812,-0.101562,0.460938,0
815.185,-0.125,-0.117188,0.445312,0
815.195,-0.140625,-0.117188,0.484375,0
815.206,-0.132812,-0.117188,0.476562,0
815.217,-0.148438,-0.132812,0.453125,0
815.227,-0.164062,-0.09375,0.515625,0
815.238,-0.125,-0.109375,0.4375,0
815.248,-0.148438,-0.101562,0.484375,0
815.259,-0.140625,-0.109375,0.484375,0
815.269,-0.140625,-0.109375,0.460938,0
815.279,-0.109375,-0.117188,0.46875,0
815.29,-0.125,-0.117188,0.460938,0
815.301,-0.132812,-0.117188,0.4375,0
815.311,-0.117188,-0.125,0.476562,0
815.322,-0.140625,-0.117188,0.507812,0
815.332,-0.109375,-0.125,0.429688,0
815.343,-0.117188,-0.125,0.445312,0
815.353,-0.117188,-0.117188,0.460938,0
815.364,-0.117188,-0.117188,0.460938,0
815.374,-0.117188,-0.125,0.460938,0
815.385,-0.109375,-0.125,0.445312,0
815.396,-0.117188,-0.109375,0.484375,0
815.406,-0.125,-0.117188,0.507812,0
815.417,-0.125,-0.117188,0.460938,0
815.427,-0.125,-0.109375,0.476562,0
815.438,-0.125,-0.109375,0.476562,0
815.448,-0.125,-0.109375,0.460938,0
815.459,-0.101562,-0.117188,0.429688,0
815.469,-0.132812,-0.117188,0.46875,0
815.48,-0.132812,-0.109375,0.4375,0
815.491,-0.132812,-0.09375,0.476562,0
815.501,-0.117188,-0.09375,0.453125,0
815.512,-0.117188,-0.101562,0.453125,0
815.522,-0.109375,-0.101562,0.460938,0
815.533,-0.132812,-0.085938,0.492188,0
815.543,-0.09375,-0.125,0.4375,0
815.554,-0.109375,-0.109375,0.460938,0
815.564,-0.101562,-0.101562,0.476562,0
815.575,-0.101562,-0.101562,0.484375,0
815.585,-0.085938,-0.09375,0.445312,0
815.596,-0.101562,-0.085938,0.429688,0
815.606,-0.101562,-0.085938,0.414062,0
815.617,-0.09375,-0.078125,0.421875,0
815.627,-0.085938,-0.09375,0.429688,0
815.638,-0.070312,-0.117188,0.421875,0
815.648,-0.085938,-0.085938,0.492188,0
815.659,-0.085938,-0.085938,0.445312,0
815.67,-0.09375,-0.078125,0.445312,0
815.68,-0.085938,-0.101562,0.414062,0
815.691,-0.109375,-0.085938,0.46875,0
815.701,-0.101562,-0.109375,0.476562,0
815.712,-0.117188,-0.09375,0.46875,0
815.722,-0.085938,-0.117188,0.46875,0
815.733,-0.101562,-0.109375,0.46875,0
815.743,-0.109375,-0.125,0.46875,0
815.754,-0.125,-0.109375,0.492188,0
815.765,-0.117188,-0.109375,0.476562,0
815.775,-0.125,-0.109375,0.484375,0
815.785,-0.101562,-0.109375,0.46875,0
815.796,-0.132812,-0.101562,0.46875,0
815.806,-0.125,-0.117188,0.460938,0
815.817,-0.117188,-0.117188,0.460938,0
815.828,-0.109375,-0.132812,0.429688,0
815.839,-0.132812,-0.109375,0.453125,0
815.849,-0.117188,-0.125,0.445312,0
815.859,-0.117188,-0.125,0.46875,0
815.87,-0.109375,-0.125,0.476562,0
815.88,-0.125,-0.117188,0.5,0
815.891,-0.140625,-0.109375,0.484375,0
815.901,-0.132812,-0.109375,0.46875,0
815.912,-0.132812,-0.117188,0.445312,0
815.923,-0.132812,-0.109375,0.453125,0
815.933,-0.125,-0.070312,0.40625,0
815.943,-0.15625,-0.09375,0.476562,0
815.954,-0.15625,-0.09375,0.492188,0
815.964,-0.148438,-0.101562,0.460938,0
815.975,-0.132812,-0.09375,0.46875,0
815.986,-0.148438,-0.101562,0.460938,0
815.996,-0.140625,-0.101562,0.460938,0
816.007,-0.132812,-0.101562,0.460938,0
816.017,-0.125,-0.109375,0.476562,0
816.028,-0.132812,-0.109375,0.476562,0
816.039,-0.125,-0.085938,0.476562,0
816.049,-0.132812,-0.101562,0.46875,0
816.06,-0.132812,-0.101562,0.460938,0
816.07,-0.125,-0.09375,0.460938,0
816.08,-0.132812,-0.101562,0.453125,0
816.091,-0.117188,-0.09375,0.46875,0
816.102,-0.117188,-0.109375,0.4375,0
816.112,-0.125,-0.09375,0.46875,0
816.122,-0.117188,-0.09375,0.453125,0
816.133,-0.101562,-0.101562,0.476562,0
816.143,-0.117188,-0.085938,0.484375,0
816.155,-0.117188,-0.085938,0.5,0
816.165,-0.132812,-0.132812,0.398438,0
816.175,-0.132812,-0.085938,0.515625,0
816.186,-0.101562,-0.085938,0.460938,0
816.196,-0.078125,-0.078125,0.398438,0
816.207,-0.117188,-0.085938,0.5,0
816.218,-0.125,-0.0625,0.46875,0
816.228,-0.109375,-0.078125,0.460938,0
816.238,-0.101562,-0.078125,0.507812,0
816.249,-0.09375,-0.070312,0.5,0
816.26,-0.117188,-0.078125,0.46875,0
816.27,-0.117188,-0.078125,0.515625,0
816.28,-0.117188,-0.0625,0.523438,0
816.291,-0.101562,-0.0625,0.484375,0
816.301,-0.101562,-0.0625,0.460938,0
816.312,-0.109375,-0.046875,0.46875,0
816.322,-0.109375,-0.054688,0.453125,0
816.333,-0.09375,-0.046875,0.445312,0
816.343,-0.101562,-0.0625,0.429688,0
816.355,-0.101562,-0.023438,0.460938,0
816.365,-0.09375,-0.023438,0.476562,0
816.375,-0.078125,-0.015625,0.453125,0
816.386,-0.078125,-0.039062,0.445312,0
816.396,-0.054688,-0.03125,0.460938,0
816.407,-0.046875,-0.03125,0.429688,0
816.417,-0.054688,-0.015625,0.453125,0
816.428,-0.085938,-0.015625,0.492188,0
816.438,-0.0625,-0.015625,0.460938,0
816.449,-0.078125,-0.015625,0.460938,0
816.459,-0.070312,-0.015625,0.453125,0
816.47,-0.0625,-0.007812,0.4375,0
816.48,-0.070312,-0.007812,0.453125,0
816.491,-0.0625,0.015625,0.515625,0
816.501,-0.0625,-0.023438,0.476562,0
816.512,-0.0625,-0.015625,0.484375,0
816.523,-0.078125,-0.015625,0.484375,0
816.532,-0.078125,-0.015625,0.484375,0
816.543,-0.0625,-0.039062,0.46875,0
816.553,-0.109375,0,0.507812,0
816.564,-0.085938,-0.03125,0.492188,0
816.575,-0.085938,-0.007812,0.507812,0
816.585,-0.085938,0,0.484375,0
816.596,-0.09375,0,0.484375,0
816.606,-0.101562,-0.007812,0.492188,0
816.617,-0.078125,-0.023438,0.492188,0
816.627,-0.078125,-0.007812,0.5,0
816.638,-0.085938,-0.015625,0.484375,0
816.648,-0.085938,-0.007812,0.476562,0
816.66,-0.078125,-0.007812,0.484375,0
816.67,-0.085938,0,0.476562,0
816.68,-0.085938,-0.007812,0.492188,0
816.691,-0.101562,0,0.515625,0
816.701,-0.085938,-0.007812,0.5,0
816.712,-0.09375,-0.015625,0.492188,0
816.723,-0.070312,-0.015625,0.476562,0
816.733,-0.070312,-0.023438,0.484375,0
816.743,-0.085938,-0.015625,0.484375,0
816.754,-0.078125,-0.007812,0.476562,0
816.764,-0.085938,0,0.476562,0
816.775,-0.078125,0,0.476562,0
816.785,-0.085938,-0.007812,0.5,0
816.796,-0.078125,-0.007812,0.476562,0
816.806,-0.085938,-0.007812,0.476562,0
816.817,-0.078125,-0.007812,0.476562,0
816.827,-0.070312,-0.007812,0.476562,0
816.838,-0.070312,-0.007812,0.460938,0
816.849,-0.070312,-0.007812,0.476562,0
816.859,-0.085938,0,0.507812,0
816.87,-0.078125,-0.007812,0.484375,0
816.88,-0.078125,-0.007812,0.484375,0
816.891,-0.070312,-0.015625,0.484375,0
816.901,-0.0625,-0.007812,0.484375,0
816.912,-0.070312,0,0.507812,0
816.922,-0.078125,0.007812,0.492188,0
816.933,-0.078125,-0.015625,0.476562,0
816.943,-0.070312,0,0.492188,0
816.954,-0.078125,-0.007812,0.484375,0
816.964,-0.078125,0,0.46875,0
816.974,-0.0625,0.023438,0.453125,0
816.985,-0.101562,0.007812,0.507812,0
816.996,-0.070312,0,0.460938,0
817.006,-0.078125,0,0.476562,0
817.016,-0.078125,0,0.492188,0
817.027,-0.078125,0,0.484375,0
817.037,-0.078125,0,0.492188,0
817.048,-0.078125,0,0.492188,0
817.058,-0.078125,-0.007812,0.484375,0
817.069,-0.078125,-0.007812,0.484375,0
817.079,-0.078125,0.007812,0.46875,0
817.09,-0.070312,0.007812,0.46875,0
817.1,-0.078125,0.007812,0.476562,0
817.111,-0.070312,0,0.476562,0
817.121,-0.070312,0,0.460938,0
817.132,-0.070312,0.007812,0.460938,0
817.143,-0.078125,0.007812,0.492188,0
817.153,-0.070312,0,0.492188,0
817.163,-0.054688,0.007812,0.484375,0
817.174,-0.070312,-0.015625,0.515625,0
817.185,-0.070312,0.015625,0.460938,0
817.195,-0.070312,0.007812,0.460938,0
817.206,-0.078125,0.015625,0.453125,0
817.217,-0.085938,0.03125,0.476562,0
817.227,-0.078125,0.03125,0.476562,0
817.237,-0.085938,0.039062,0.476562,0
817.248,-0.078125,0.039062,0.46875,0
817.258,-0.078125,0.039062,0.5,0
817.269,-0.078125,0.039062,0.515625,0
817.279,-0.085938,0.054688,0.515625,0
817.29,-0.054688,0.070312,0.515625,0
817.3,-0.078125,0.078125,0.492188,0
817.311,-0.070312,0.078125,0.5,0
817.321,-0.0625,0.085938,0.507812,0
817.332,-0.054688,0.09375,0.492188,0
817.343,-0.0625,0.132812,0.539062,0
817.353,-0.070312,0.125,0.546875,0
817.363,-0.046875,0.125,0.5,0
817.374,-0.078125,0.15625,0.515625,0
817.384,-0.070312,0.15625,0.492188,0
817.395,-0.0625,0.148438,0.523438,0
817.405,-0.078125,0.15625,0.523438,0
817.416,-0.085938,0.132812,0.53125,0
817.426,-0.070312,0.15625,0.5,0
817.437,-0.085938,0.125,0.546875,0
817.447,-0.09375,0.117188,0.539062,0
817.458,-0.0625,0.09375,0.53125,0
817.469,-0.046875,0.101562,0.484375,0
817.479,-0.078125,0.078125,0.539062,0
817.489,-0.015625,0.054688,0.421875,0
817.5,-0.046875,0.03125,0.476562,0
817.51,-0.039062,0.03125,0.460938,0
817.521,-0.039062,0.007812,0.460938,0
817.531,-0.039062,-0.03125,0.453125,0
817.542,-0.046875,-0.015625,0.476562,0
817.552,-0.054688,-0.03125,0.4375,0
817.563,-0.054688,-0.078125,0.375,0
817.573,-0.078125,-0.054688,0.460938,0
817.584,-0.085938,-0.070312,0.460938,0
817.595,-0.078125,-0.054688,0.429688,0
817.605,-0.085938,-0.078125,0.484375,0
817.616,-0.109375,-0.125,0.429688,0
817.626,-0.117188,-0.09375,0.46875,0
817.637,-0.117188,-0.09375,0.460938,0
817.647,-0.140625,-0.085938,0.414062,0
817.658,-0.164062,-0.070312,0.359375,0
817.669,-0.164062,-0.09375,0.351562,0
817.679,-0.15625,-0.078125,0.359375,0
817.689,-0.140625,-0.101562,0.4375,0
817.7,-0.109375,-0.125,0.445312,0
817.71,-0.117188,-0.125,0.460938,0
817.721,-0.164062,-0.117188,0.46875,0
817.732,-0.171875,-0.117188,0.4375,0
817.742,-0.164062,-0.125,0.445312,0
817.753,-0.140625,-0.109375,0.4375,0
817.763,-0.148438,-0.125,0.476562,0
817.774,-0.148438,-0.148438,0.484375,0
817.785,-0.164062,-0.148438,0.484375,0
817.795,-0.132812,-0.140625,0.46875,0
817.805,-0.140625,-0.164062,0.484375,0
817.816,-0.132812,-0.15625,0.5,0
817.826,-0.132812,-0.164062,0.5,0
817.837,-0.132812,-0.164062,0.5,0
817.847,-0.117188,-0.179688,0.460938,0
817.858,-0.125,-0.15625,0.5,0
817.868,-0.125,-0.148438,0.484375,0
817.879,-0.148438,-0.140625,0.5,0
817.889,-0.140625,-0.132812,0.484375,0
817.9,-0.148438,-0.132812,0.484375,0
817.91,-0.117188,-0.125,0.476562,0
817.921,-0.117188,-0.125,0.460938,0
817.931,-0.132812,-0.101562,0.4375,0
817.942,-0.132812,-0.09375,0.445312,0
817.952,-0.125,-0.101562,0.453125,0
817.963,-0.125,-0.109375,0.484375,0
817.973,-0.132812,-0.078125,0.460938,0
817.984,-0.171875,-0.085938,0.515625,0
817.994,-0.109375,-0.125,0.460938,0
818.005,-0.140625,-0.085938,0.453125,0
818.015,-0.125,-0.109375,0.492188,0
818.026,-0.117188,-0.117188,0.484375,0
818.036,-0.117188,-0.109375,0.492188,0
818.047,-0.132812,-0.117188,0.453125,0
818.057,-0.132812,-0.078125,0.492188,0
818.068,-0.101562,-0.078125,0.445312,0
818.078,-0.117188,-0.085938,0.445312,0
818.089,-0.101562,-0.070312,0.445312,0
818.1,-0.109375,-0.054688,0.4375,0
818.11,-0.101562,-0.0625,0.429688,0
818.121,-0.109375,-0.046875,0.445312,0
818.131,-0.101562,-0.054688,0.4375,0
818.142,-0.101562,-0.046875,0.453125,0
818.152,-0.109375,-0.039062,0.460938,0
818.163,-0.117188,-0.023438,0.46875,0
818.173,-0.132812,-0.015625,0.460938,0
818.184,-0.132812,-0.023438,0.460938,0
818.195,-0.132812,-0.023438,0.476562,0
818.205,-0.125,-0.023438,0.46875,0
818.216,-0.140625,-0.015625,0.5,0
818.226,-0.148438,-0.015625,0.507812,0
818.237,-0.140625,0.007812,0.523438,0
818.247,-0.140625,-0.023438,0.507812,0
818.258,-0.148438,-0.007812,0.484375,0
818.268,-0.132812,-0.007812,0.476562,0
818.279,-0.132812,0,0.492188,0
818.29,-0.148438,0.007812,0.515625,0
818.301,-0.125,0.007812,0.492188,0
818.31,-0.117188,0,0.460938,0
818.321,-0.117188,0.007812,0.46875,0
818.331,-0.117188,-0.007812,0.453125,0
818.342,-0.132812,0.015625,0.46875,0
818.353,-0.101562,0.015625,0.460938,0
818.363,-0.117188,0.023438,0.460938,0
818.374,-0.117188,0.023438,0.476562,0
818.384,-0.117188,0.03125,0.476562,0
818.395,-0.117188,0.03125,0.492188,0
818.405,-0.09375,0.03125,0.46875,0
818.416,-0.117188,0.046875,0.484375,0
818.426,-0.085938,0.03125,0.460938,0
818.437,-0.101562,0.03125,0.484375,0
818.449,-0.101562,0.046875,0.484375,0
818.459,-0.09375,0.039062,0.476562,0
818.47,-0.101562,0.078125,0.484375,0
818.48,-0.09375,0.046875,0.429688,0
818.491,-0.09375,0.039062,0.453125,0
818.501,-0.101562,0.046875,0.46875,0
818.512,-0.101562,0.039062,0.453125,0
818.523,-0.109375,0.046875,0.476562,0
818.533,-0.09375,0.046875,0.453125,0
818.543,-0.09375,0.039062,0.460938,0
818.554,-0.085938,0.023438,0.429688,0
818.564,-0.078125,0.039062,0.4375,0
818.575,-0.070312,0.03125,0.460938,0
818.585,-0.078125,0.023438,0.476562,0
818.596,-0.070312,0.023438,0.484375,0
818.606,-0.078125,0.015625,0.484375,0
818.617,-0.078125,0.03125,0.484375,0
818.627,-0.085938,0.023438,0.484375,0
818.638,-0.09375,0.007812,0.492188,0
818.648,-0.078125,0.015625,0.492188,0
818.659,-0.101562,0.023438,0.492188,0
818.669,-0.109375,0.007812,0.484375,0
818.68,-0.101562,0.015625,0.492188,0
818.69,-0.101562,0.007812,0.484375,0
818.701,-0.117188,0.015625,0.507812,0
818.712,-0.117188,0.023438,0.515625,0
818.722,-0.117188,0.015625,0.539062,0
818.733,-0.117188,0.015625,0.515625,0
818.743,-0.117188,0.03125,0.523438,0
818.755,-0.109375,0.015625,0.5,0
818.764,-0.109375,0.023438,0.492188,0
818.775,-0.109375,0.015625,0.476562,0
818.785,-0.101562,0.007812,0.492188,0
818.796,-0.09375,0.015625,0.5,0
818.807,-0.09375,0.007812,0.492188,0
818.817,-0.085938,0,0.5,0
818.829,-0.085938,0.015625,0.492188,0
818.838,-0.09375,0.007812,0.5,0
818.848,-0.101562,0.007812,0.523438,0
818.859,-0.101562,0.015625,0.515625,0
818.869,-0.085938,0.023438,0.5,0
818.88,-0.085938,0.015625,0.5,0
818.891,-0.085938,0.015625,0.492188,0
818.901,-0.085938,0.03125,0.492188,0
818.912,-0.101562,0.039062,0.492188,0
818.923,-0.101562,0.039062,0.5,0
818.933,-0.109375,0.054688,0.484375,0
818.944,-0.109375,0.054688,0.484375,0
818.954,-0.109375,0.054688,0.484375,0
818.964,-0.085938,0.039062,0.414062,0
818.975,-0.132812,0.0625,0.515625,0
818.986,-0.109375,0.046875,0.460938,0
818.996,-0.125,0.054688,0.46875,0
819.007,-0.125,0.0625,0.484375,0
819.017,-0.125,0.054688,0.492188,0
819.028,-0.117188,0.054688,0.507812,0
819.038,-0.109375,0.03125,0.484375,0
819.049,-0.085938,0.046875,0.476562,0
819.059,-0.09375,0.046875,0.492188,0
819.07,-0.09375,0.03125,0.507812,0
819.08,-0.09375,0.046875,0.507812,0
819.091,-0.101562,0.046875,0.507812,0
819.101,-0.09375,0.03125,0.492188,0
819.112,-0.101562,0.039062,0.476562,0
819.122,-0.078125,0.054688,0.460938,0
819.133,-0.078125,0,0.484375,0
819.143,-0.070312,0,0.515625,0
819.153,-0.085938,0.007812,0.5,0
819.164,-0.085938,-0.007812,0.476562,0
819.175,-0.078125,-0.023438,0.46875,0
819.185,-0.070312,-0.03125,0.484375,0
819.196,-0.078125,-0.023438,0.46875,0
819.207,-0.09375,-0.015625,0.453125,0
819.217,-0.085938,-0.03125,0.453125,0
819.227,-0.085938,-0.046875,0.4375,0
819.238,-0.078125,-0.046875,0.4375,0
819.249,-0.078125,-0.046875,0.421875,0
819.259,-0.085938,-0.046875,0.421875,0
819.269,-0.101562,-0.046875,0.4375,0
819.28,-0.125,-0.070312,0.390625,0
819.29,-0.046875,-0.03125,0.507812,0
819.301,-0.109375,-0.085938,0.453125,0
819.311,-0.125,-0.09375,0.4375,0
819.321,-0.125,-0.085938,0.445312,0
819.332,-0.125,-0.09375,0.453125,0
819.342,-0.140625,-0.09375,0.460938,0
819.354,-0.148438,-0.109375,0.453125,0
819.363,-0.132812,-0.125,0.429688,0
819.374,-0.140625,-0.09375,0.453125,0
819.384,-0.15625,-0.101562,0.4375,0
819.395,-0.164062,-0.101562,0.460938,0
819.406,-0.140625,-0.117188,0.460938,0
819.416,-0.148438,-0.109375,0.453125,0
819.427,-0.148438,-0.109375,0.460938,0
819.437,-0.148438,-0.085938,0.460938,0
819.448,-0.1875,-0.101562,0.515625,0
819.458,-0.140625,-0.101562,0.460938,0
819.469,-0.132812,-0.117188,0.476562,0
819.479,-0.125,-0.117188,0.5,0
819.49,-0.109375,-0.125,0.445312,0
819.5,-0.117188,-0.101562,0.453125,0
819.511,-0.125,-0.109375,0.460938,0
819.522,-0.132812,-0.101562,0.46875,0
819.532,-0.117188,-0.117188,0.476562,0
819.543,-0.125,-0.101562,0.476562,0
819.554,-0.117188,-0.101562,0.460938,0
819.564,-0.109375,-0.109375,0.46875,0
819.574,-0.078125,-0.117188,0.4375,0
819.585,-0.101562,-0.125,0.445312,0
819.595,-0.109375,-0.109375,0.460938,0
819.606,-0.109375,-0.101562,0.46875,0
819.616,-0.109375,-0.117188,0.453125,0
819.627,-0.125,-0.125,0.484375,0
819.638,-0.125,-0.117188,0.46875,0
819.648,-0.140625,-0.117188,0.46875,0
819.658,-0.132812,-0.125,0.484375,0
819.669,-0.132812,-0.125,0.460938,0
819.68,-0.125,-0.132812,0.46875,0
819.69,-0.132812,-0.117188,0.460938,0
819.7,-0.125,-0.125,0.46875,0
819.711,-0.125,-0.117188,0.460938,0
819.721,-0.125,-0.125,0.46875,0
819.732,-0.125,-0.125,0.476562,0
819.742,-0.125,-0.117188,0.484375,0
819.753,-0.125,-0.117188,0.46875,0
819.763,-0.132812,-0.117188,0.46875,0
819.774,-0.148438,-0.117188,0.484375,0
819.785,-0.132812,-0.117188,0.476562,0
819.795,-0.148438,-0.101562,0.46875,0
819.807,-0.132812,-0.09375,0.453125,0
819.816,-0.117188,-0.109375,0.445312,0
819.827,-0.117188,-0.101562,0.445312,0
819.837,-0.125,-0.09375,0.46875,0
819.848,-0.125,-0.09375,0.46875,0
819.858,-0.140625,-0.085938,0.484375,0
819.869,-0.148438,-0.078125,0.484375,0
819.879,-0.148438,-0.0625,0.46875,0
819.89,-0.148438,-0.054688,0.453125,0
819.9,-0.140625,-0.054688,0.445312,0
819.911,-0.125,-0.054688,0.46875,0
819.922,-0.132812,-0.039062,0.453125,0
819.932,-0.164062,-0.039062,0.5,0
819.943,-0.140625,-0.046875,0.421875,0
819.953,-0.140625,-0.03125,0.453125,0
819.964,-0.132812,-0.03125,0.46875,0
819.974,-0.148438,-0.046875,0.484375,0
819.984,-0.109375,-0.03125,0.429688,0
819.995,-0.132812,-0.03125,0.4375,0
820.006,-0.148438,-0.015625,0.5,0
820.016,-0.125,-0.023438,0.460938,0
820.026,-0.109375,-0.046875,0.476562,0
820.037,-0.125,-0.03125,0.515625,0
820.047,-0.132812,-0.007812,0.507812,0
820.058,-0.132812,0,0.5,0
820.068,-0.125,-0.007812,0.5,0
820.079,-0.09375,0,0.46875,0
820.089,-0.117188,-0.007812,0.46875,0
820.1,-0.117188,-0.007812,0.476562,0
820.11,-0.117188,0,0.46875,0
820.121,-0.117188,0,0.476562,0
820.131,-0.125,0,0.476562,0
820.142,-0.125,0,0.5,0
820.153,-0.09375,0.007812,0.453125,0
820.163,-0.101562,0.015625,0.492188,0
820.173,-0.09375,0.007812,0.453125,0
820.184,-0.117188,0.039062,0.460938,0
820.194,-0.132812,0.046875,0.445312,0
820.205,-0.117188,0.054688,0.445312,0
820.216,-0.109375,0.0625,0.453125,0
820.226,-0.117188,0.0625,0.460938,0
820.237,-0.101562,0.046875,0.460938,0
820.247,-0.132812,0.078125,0.484375,0
820.258,-0.117188,0.0625,0.460938,0
820.268,-0.109375,0.0625,0.445312,0
820.279,-0.125,0.078125,0.476562,0
820.289,-0.109375,0.0625,0.476562,0
820.301,-0.09375,0.0625,0.507812,0
820.31,-0.109375,0.0625,0.5,0
820.321,-0.101562,0.054688,0.484375,0
820.332,-0.101562,0.054688,0.476562,0
820.343,-0.09375,0.046875,0.46875,0
820.352,-0.078125,0.023438,0.46875,0
820.363,-0.085938,0.03125,0.476562,0
820.374,-0.070312,0.023438,0.484375,0
820.385,-0.054688,0,0.492188,0
820.395,-0.0625,0.023438,0.515625,0
820.405,-0.070312,0.007812,0.5,0
820.415,-0.054688,0.007812,0.476562,0
820.426,-0.070312,0.007812,0.484375,0
820.436,-0.054688,0,0.484375,0
820.45,-0.0625,-0.007812,0.476562,0
820.46,-0.0625,0,0.476562,0
820.471,-0.054688,-0.023438,0.476562,0
820.481,-0.0625,-0.03125,0.515625,0
820.492,-0.078125,-0.03125,0.515625,0
820.502,-0.070312,-0.03125,0.515625,0
820.512,-0.085938,-0.03125,0.523438,0
820.523,-0.085938,-0.03125,0.515625,0
820.534,-0.085938,-0.054688,0.53125,0
820.544,-0.09375,-0.0625,0.53125,0
820.554,-0.078125,-0.0625,0.554688,0
820.565,-0.125,-0.046875,0.554688,0
820.576,-0.117188,-0.054688,0.546875,0
820.586,-0.125,-0.070312,0.546875,0
820.597,-0.140625,-0.070312,0.5625,0
820.607,-0.140625,-0.085938,0.570312,0
820.618,-0.164062,-0.09375,0.601562,0
820.628,-0.164062,-0.085938,0.617188,0
820.639,-0.148438,-0.085938,0.617188,0
820.65,-0.148438,-0.09375,0.632812,0
820.66,-0.164062,-0.101562,0.609375,0
820.67,-0.15625,-0.101562,0.5625,0
820.681,-0.164062,-0.078125,0.601562,0
820.692,-0.171875,-0.101562,0.59375,0
820.702,-0.171875,-0.070312,0.585938,0
820.713,-0.1875,-0.101562,0.585938,0
820.724,-0.148438,-0.101562,0.601562,0
820.734,-0.179688,-0.09375,0.664062,0
820.744,-0.179688,-0.09375,0.671875,0
820.755,-0.148438,-0.101562,0.617188,0
820.765,-0.171875,-0.117188,0.609375,0
820.776,-0.179688,-0.0625,0.570312,0
820.787,-0.164062,-0.085938,0.546875,0
820.797,-0.164062,-0.070312,0.585938,0
820.808,-0.164062,-0.046875,0.578125,0
820.818,-0.1875,-0.03125,0.578125,0
820.829,-0.179688,-0.046875,0.546875,0
820.839,-0.164062,-0.0625,0.539062,0
820.85,-0.140625,-0.070312,0.570312,0
820.86,-0.132812,-0.078125,0.554688,0
820.871,-0.140625,-0.054688,0.546875,0
820.881,-0.132812,-0.054688,0.523438,0
820.892,-0.132812,-0.046875,0.53125,0
820.902,-0.132812,-0.039062,0.507812,0
820.913,-0.132812,-0.03125,0.46875,0
820.924,-0.132812,-0.039062,0.46875,0
820.935,-0.117188,-0.070312,0.414062,0
820.945,-0.09375,-0.039062,0.429688,0
820.955,-0.09375,-0.039062,0.421875,0
820.966,-0.101562,-0.039062,0.429688,0
820.977,-0.132812,-0.015625,0.484375,0
820.987,-0.09375,-0.03125,0.398438,0
820.997,-0.117188,-0.015625,0.421875,0
821.008,-0.109375,-0.039062,0.390625,0
821.019,-0.070312,-0.023438,0.367188,0
821.03,-0.09375,-0.023438,0.304688,0
821.04,-0.078125,-0.007812,0.28125,0
821.051,-0.09375,0,0.304688,0
821.061,-0.101562,0.015625,0.273438,0
821.071,-0.101562,0.015625,0.242188,0
821.082,-0.117188,0,0.304688,0
821.092,-0.117188,-0.015625,0.304688,0
821.103,-0.109375,-0.007812,0.335938,0
821.114,-0.117188,-0.007812,0.335938,0
821.124,-0.109375,-0.023438,0.328125,0
821.135,-0.109375,-0.023438,0.328125,0
821.145,-0.101562,-0.039062,0.320312,0
821.156,-0.117188,0,0.320312,0
821.167,-0.109375,-0.015625,0.320312,0
821.177,-0.109375,-0.015625,0.328125,0
821.188,-0.125,-0.007812,0.34375,0
821.198,-0.132812,-0.015625,0.304688,0
821.208,-0.125,0,0.359375,0
821.219,-0.125,0,0.34375,0
821.229,-0.125,-0.007812,0.328125,0
821.239,-0.140625,0,0.335938,0
821.25,-0.148438,0.015625,0.304688,0
821.261,-0.148438,0.007812,0.289062,0
821.271,-0.132812,0,0.28125,0
821.282,-0.125,0.007812,0.289062,0
821.292,-0.132812,0.007812,0.304688,0
821.303,-0.132812,0.007812,0.304688,0
821.313,-0.117188,0.007812,0.296875,0
821.324,-0.117188,0.007812,0.289062,0
821.335,-0.117188,-0.007812,0.296875,0
821.345,-0.109375,-0.007812,0.304688,0
821.355,-0.117188,-0.007812,0.335938,0
821.366,-0.125,-0.007812,0.359375,0
821.377,-0.125,0,0.375,0
821.387,-0.148438,0,0.390625,0
821.397,-0.140625,0,0.382812,0
821.408,-0.140625,0,0.382812,0
821.419,-0.140625,0,0.375,0
821.429,-0.125,0.007812,0.351562,0
821.439,-0.117188,0.007812,0.34375,0
821.45,-0.101562,-0.007812,0.320312,0
821.46,-0.09375,-0.015625,0.328125,0
821.471,-0.15625,-0.015625,0.28125,0
821.481,-0.09375,-0.03125,0.398438,0
821.491,-0.09375,-0.015625,0.414062,0
821.502,-0.09375,-0.015625,0.421875,0
821.513,-0.117188,-0.015625,0.476562,0
821.523,-0.109375,-0.046875,0.4375,0
821.533,-0.125,-0.015625,0.453125,0
821.544,-0.15625,-0.03125,0.4375,0
821.554,-0.148438,-0.015625,0.476562,0
821.565,-0.15625,-0.023438,0.484375,0
821.575,-0.148438,-0.023438,0.5,0
821.586,-0.132812,-0.03125,0.460938,0
821.596,-0.125,-0.039062,0.445312,0
821.607,-0.117188,-0.046875,0.429688,0
821.618,-0.109375,-0.046875,0.421875,0
821.628,-0.09375,-0.054688,0.390625,0
821.639,-0.085938,-0.054688,0.375,0
821.649,-0.09375,-0.054688,0.414062,0
821.66,-0.101562,-0.0625,0.4375,0
821.67,-0.117188,-0.0625,0.484375,0
821.681,-0.132812,-0.0625,0.5,0
821.691,-0.148438,-0.046875,0.515625,0
821.702,-0.234375,-0.570312,0.742188,0
821.712,-0.15625,0.007812,0.59375,0
821.723,-0.09375,-0.117188,0.445312,0
821.734,-0.132812,-0.070312,0.492188,0
821.744,-0.109375,-0.109375,0.40625,0
821.755,-0.101562,-0.117188,0.460938,0
821.765,-0.164062,-0.195312,0.273438,0
821.776,-0.148438,-0.078125,0.625,0
821.787,-0.117188,-0.117188,0.578125,0
821.797,-0.179688,-0.070312,0.492188,0
821.807,-0.1875,-0.078125,0.53125,0
821.818,-0.15625,-0.070312,0.515625,0
821.828,-0.15625,-0.09375,0.515625,0
821.839,-0.1875,-0.085938,0.539062,0
821.85,-0.15625,-0.09375,0.546875,0
821.86,-0.164062,-0.078125,0.539062,0
821.87,-0.148438,-0.09375,0.523438,0
821.881,-0.164062,-0.101562,0.539062,0
821.891,-0.164062,-0.101562,0.570312,0
821.903,-0.171875,-0.078125,0.585938,0
821.913,-0.179688,-0.070312,0.578125,0
821.923,-0.171875,-0.078125,0.523438,0
821.934,-0.171875,-0.09375,0.5,0
821.944,-0.171875,-0.085938,0.515625,0
821.955,-0.171875,-0.09375,0.523438,0
821.966,-0.148438,-0.09375,0.539062,0
821.976,-0.140625,-0.09375,0.507812,0
821.986,-0.15625,-0.09375,0.554688,0
821.997,-0.171875,-0.101562,0.570312,0
822.007,-0.15625,-0.101562,0.570312,0
822.018,-0.195312,-0.148438,0.539062,0
822.028,-0.1875,-0.09375,0.578125,0
822.039,-0.15625,-0.078125,0.578125,0
822.049,-0.179688,-0.09375,0.539062,0
822.06,-0.171875,-0.078125,0.5625,0
822.07,-0.164062,-0.09375,0.546875,0
822.081,-0.171875,-0.078125,0.554688,0
822.091,-0.148438,-0.09375,0.5,0
822.102,-0.171875,-0.078125,0.617188,0
822.112,-0.132812,-0.101562,0.515625,0
822.123,-0.15625,-0.101562,0.539062,0
822.133,-0.132812,-0.09375,0.515625,0
822.144,-0.132812,-0.09375,0.53125,0
822.154,-0.140625,-0.09375,0.507812,0
822.165,-0.132812,-0.09375,0.515625,0
822.175,-0.132812,-0.101562,0.515625,0
822.186,-0.125,-0.101562,0.515625,0
822.196,-0.132812,-0.101562,0.507812,0
822.207,-0.140625,-0.09375,0.523438,0
822.218,-0.140625,-0.101562,0.523438,0
822.228,-0.148438,-0.09375,0.515625,0
822.239,-0.15625,-0.09375,0.53125,0
822.249,-0.164062,-0.09375,0.523438,0
822.26,-0.164062,-0.109375,0.523438,0
822.27,-0.164062,-0.101562,0.523438,0
822.281,-0.164062,-0.109375,0.523438,0
822.291,-0.171875,-0.109375,0.53125,0
822.302,-0.171875,-0.101562,0.554688,0
822.312,-0.179688,-0.109375,0.5625,0
822.323,-0.203125,-0.09375,0.5625,0
822.333,-0.195312,-0.109375,0.570312,0
822.343,-0.203125,-0.109375,0.578125,0
822.354,-0.195312,-0.101562,0.578125,0
822.365,-0.195312,-0.132812,0.59375,0
822.375,-0.1875,-0.125,0.570312,0
822.385,-0.171875,-0.125,0.539062,0
822.396,-0.203125,-0.117188,0.570312,0
822.407,-0.210938,-0.125,0.578125,0
822.417,-0.195312,-0.117188,0.539062,0
822.428,-0.164062,-0.09375,0.546875,0
822.438,-0.203125,-0.09375,0.546875,0
822.451,-0.171875,-0.109375,0.546875,0
822.462,-0.195312,-0.132812,0.5625,0
822.473,-0.1875,-0.101562,0.570312,0
822.483,-0.179688,-0.117188,0.546875,0
822.493,-0.1875,-0.101562,0.546875,0
822.505,-0.1875,-0.09375,0.53125,0
822.514,-0.1875,-0.09375,0.515625,0
822.525,-0.1875,-0.078125,0.492188,0
822.535,-0.1875,-0.078125,0.5,0
822.546,-0.210938,-0.09375,0.546875,0
822.556,-0.171875,-0.078125,0.46875,0
822.567,-0.179688,-0.085938,0.460938,0
822.577,-0.195312,-0.046875,0.507812,0
822.588,-0.179688,-0.0625,0.476562,0
822.598,-0.164062,-0.023438,0.476562,0
822.609,-0.195312,-0.085938,0.492188,0
822.619,-0.210938,-0.046875,0.515625,0
822.63,-0.179688,-0.039062,0.453125,0
822.64,-0.171875,-0.054688,0.476562,0
822.651,-0.164062,-0.046875,0.460938,0
822.661,-0.164062,-0.054688,0.414062,0
822.672,-0.140625,-0.039062,0.445312,0
822.683,-0.140625,-0.023438,0.4375,0
822.693,-0.132812,0,0.4375,0
822.704,-0.148438,-0.039062,0.476562,0
822.714,-0.125,-0.023438,0.382812,0
822.726,-0.140625,-0.03125,0.414062,0
822.735,-0.132812,-0.015625,0.414062,0
822.746,-0.132812,-0.023438,0.421875,0
822.757,-0.117188,-0.007812,0.390625,0
822.767,-0.125,-0.015625,0.429688,0
822.777,-0.125,-0.023438,0.4375,0
822.788,-0.125,-0.015625,0.421875,0
822.798,-0.109375,-0.015625,0.40625,0
822.809,-0.101562,-0.015625,0.390625,0
822.82,-0.117188,-0.015625,0.398438,0
822.83,-0.125,-0.015625,0.421875,0
822.84,-0.125,0,0.398438,0
822.851,-0.117188,-0.007812,0.414062,0
822.861,-0.148438,0.007812,0.421875,0
822.872,-0.132812,0.007812,0.40625,0
822.882,-0.140625,0.007812,0.414062,0
822.893,-0.132812,0.007812,0.40625,0
822.903,-0.132812,0.015625,0.375,0
822.914,-0.140625,0.007812,0.375,0
822.924,-0.140625,0.015625,0.398438,0
822.936,-0.148438,0.015625,0.375,0
822.946,-0.140625,0.023438,0.390625,0
822.957,-0.148438,0.023438,0.390625,0
822.967,-0.132812,0.03125,0.34375,0
822.977,-0.132812,0.015625,0.328125,0
822.988,-0.148438,0.039062,0.351562,0
822.998,-0.132812,0.015625,0.3125,0
823.009,-0.132812,0.046875,0.289062,0
823.02,-0.132812,0.03125,0.3125,0
823.03,-0.140625,0.03125,0.328125,0
823.041,-0.132812,0.039062,0.328125,0
823.051,-0.140625,0.046875,0.3125,0
823.062,-0.164062,0.03125,0.328125,0
823.072,-0.148438,0.03125,0.320312,0
823.083,-0.148438,0.023438,0.304688,0
823.093,-0.148438,0.03125,0.3125,0
823.104,-0.15625,0.039062,0.320312,0
823.114,-0.164062,0.039062,0.335938,0
823.125,-0.148438,0.03125,0.328125,0
823.135,-0.171875,0.039062,0.296875,0
823.146,-0.179688,0.054688,0.351562,0
823.157,-0.140625,0.015625,0.296875,0
823.167,-0.148438,0.039062,0.304688,0
823.178,-0.148438,0.046875,0.289062,0
823.188,-0.148438,0.03125,0.289062,0
823.199,-0.164062,0.046875,0.304688,0
823.209,-0.164062,0.046875,0.304688,0
823.22,-0.164062,0.046875,0.3125,0
823.23,-0.164062,0.054688,0.328125,0
823.241,-0.148438,0.046875,0.328125,0
823.251,-0.140625,0.039062,0.320312,0
823.262,-0.132812,0.039062,0.304688,0
823.272,-0.125,0.015625,0.320312,0
823.283,-0.140625,0.023438,0.367188,0
823.294,-0.15625,0.03125,0.398438,0
823.304,-0.148438,0.023438,0.421875,0
823.315,-0.125,0.007812,0.390625,0
823.326,-0.109375,0.007812,0.367188,0
823.336,-0.148438,-0.078125,0.453125,0
823.346,-0.117188,-0.015625,0.421875,0
823.357,-0.125,-0.015625,0.40625,0
823.368,-0.148438,0,0.445312,0
823.378,-0.179688,0.007812,0.5,0
823.389,-0.179688,0.023438,0.46875,0
823.399,-0.179688,0.015625,0.476562,0
823.41,-0.140625,-0.023438,0.421875,0
823.421,-0.109375,-0.023438,0.414062,0
823.431,-0.070312,-0.039062,0.351562,0
823.441,-0.148438,-0.007812,0.484375,0
823.452,-0.117188,-0.023438,0.4375,0
823.462,-0.132812,-0.023438,0.453125,0
823.473,-0.148438,-0.023438,0.476562,0
823.484,-0.148438,-0.03125,0.476562,0
823.494,-0.132812,-0.03125,0.484375,0
823.505,-0.140625,-0.046875,0.53125,0
823.515,-0.132812,-0.046875,0.515625,0
823.526,-0.148438,-0.039062,0.460938,0
823.536,-0.132812,-0.054688,0.4375,0
823.547,-0.132812,-0.046875,0.414062,0
823.558,-0.164062,-0.046875,0.46875,0
823.568,-0.15625,-0.070312,0.46875,0
823.578,-0.109375,-0.570312,0.648438,0
823.589,-0.171875,-0.054688,0.671875,0
823.599,-0.101562,-0.109375,0.515625,0
823.61,-0.117188,-0.09375,0.523438,0
823.621,-0.109375,-0.109375,0.453125,0
823.631,-0.109375,-0.117188,0.460938,0
823.642,-0.132812,-0.101562,0.53125,0
823.652,-0.132812,-0.070312,0.40625,0
823.663,-0.148438,-0.070312,0.570312,0
823.673,-0.15625,-0.09375,0.539062,0
823.684,-0.148438,-0.132812,0.523438,0
823.694,-0.164062,-0.140625,0.523438,0
823.705,-0.140625,-0.117188,0.515625,0
823.715,-0.179688,-0.140625,0.523438,0
823.726,-0.164062,-0.09375,0.492188,0
823.737,-0.171875,-0.109375,0.53125,0
823.747,-0.203125,-0.101562,0.570312,0
823.758,-0.1875,-0.101562,0.578125,0
823.768,-0.179688,-0.101562,0.515625,0
823.779,-0.171875,-0.109375,0.585938,0
823.79,-0.179688,-0.109375,0.585938,0
823.8,-0.179688,-0.109375,0.570312,0
823.81,-0.125,-0.109375,0.492188,0
823.821,-0.179688,-0.101562,0.546875,0
823.831,-0.164062,-0.109375,0.5,0
823.842,-0.171875,-0.101562,0.507812,0
823.853,-0.148438,-0.09375,0.484375,0
823.863,-0.140625,-0.117188,0.507812,0
823.874,-0.171875,-0.125,0.546875,0
823.884,-0.117188,-0.125,0.476562,0
823.894,-0.140625,-0.125,0.546875,0
823.905,-0.140625,-0.109375,0.507812,0
823.915,-0.132812,-0.109375,0.5,0
823.926,-0.15625,-0.101562,0.5,0
823.937,-0.164062,-0.109375,0.507812,0
823.947,-0.164062,-0.101562,0.515625,0
823.958,-0.148438,-0.117188,0.492188,0
823.968,-0.148438,-0.109375,0.507812,0
823.979,-0.140625,-0.101562,0.507812,0
823.99,-0.15625,-0.101562,0.507812,0
824,-0.15625,-0.085938,0.507812,0
824.011,-0.171875,-0.09375,0.523438,0
824.022,-0.140625,-0.09375,0.421875,0
824.032,-0.148438,-0.085938,0.523438,0
824.042,-0.15625,-0.117188,0.460938,0
824.053,-0.148438,-0.109375,0.484375,0
824.063,-0.148438,-0.101562,0.492188,0
824.075,-0.140625,-0.101562,0.484375,0
824.084,-0.140625,-0.085938,0.492188,0
824.095,-0.148438,-0.09375,0.492188,0
824.106,-0.148438,-0.09375,0.484375,0
824.116,-0.148438,-0.101562,0.484375,0
824.127,-0.15625,-0.09375,0.492188,0
824.137,-0.148438,-0.078125,0.507812,0
824.148,-0.15625,-0.09375,0.46875,0
824.158,-0.132812,-0.101562,0.476562,0
824.169,-0.132812,-0.101562,0.484375,0
824.179,-0.140625,-0.101562,0.476562,0
824.19,-0.132812,-0.101562,0.476562,0
824.2,-0.132812,-0.101562,0.476562,0
824.211,-0.140625,-0.101562,0.46875,0
824.221,-0.132812,-0.101562,0.476562,0
824.232,-0.132812,-0.09375,0.46875,0
824.242,-0.132812,-0.09375,0.46875,0
824.253,-0.125,-0.101562,0.46875,0
824.263,-0.125,-0.101562,0.476562,0
824.274,-0.125,-0.101562,0.453125,0
824.285,-0.125,-0.101562,0.460938,0
824.295,-0.125,-0.101562,0.4375,0
824.306,-0.125,-0.09375,0.445312,0
824.316,-0.125,-0.101562,0.445312,0
824.327,-0.117188,-0.09375,0.453125,0
824.337,-0.117188,-0.101562,0.453125,0
824.348,-0.109375,-0.109375,0.453125,0
824.358,-0.109375,-0.109375,0.4375,0
824.369,-0.117188,-0.109375,0.453125,0
824.379,-0.117188,-0.09375,0.453125,0
824.39,-0.125,-0.09375,0.445312,0
824.401,-0.140625,-0.078125,0.460938,0
824.411,-0.125,-0.09375,0.46875,0
824.421,-0.117188,-0.09375,0.460938,0
824.432,-0.132812,-0.085938,0.445312,0
824.442,-0.125,-0.101562,0.4375,0
824.452,-0.125,-0.101562,0.445312,0
824.463,-0.125,-0.101562,0.453125,0
824.473,-0.117188,-0.109375,0.460938,0
824.484,-0.132812,-0.109375,0.453125,0
824.495,-0.125,-0.101562,0.460938,0
824.505,-0.125,-0.101562,0.460938,0
824.516,-0.125,-0.101562,0.453125,0
824.526,-0.125,-0.09375,0.453125,0
824.536,-0.125,-0.101562,0.46875,0
824.547,-0.125,-0.09375,0.460938,0
824.558,-0.132812,-0.09375,0.46875,0
824.569,-0.140625,-0.09375,0.453125,0
824.578,-0.125,-0.101562,0.46875,0
824.589,-0.125,-0.101562,0.453125,0
824.599,-0.132812,-0.101562,0.453125,0
824.61,-0.125,-0.101562,0.46875,0
824.621,-0.132812,-0.101562,0.46875,0
824.631,-0.125,-0.101562,0.484375,0
824.642,-0.132812,-0.09375,0.476562,0
824.652,-0.132812,-0.09375,0.476562,0
824.663,-0.125,-0.09375,0.460938,0
824.673,-0.125,-0.09375,0.460938,0
824.684,-0.125,-0.101562,0.453125,0
824.694,-0.125,-0.101562,0.453125,0
824.705,-0.132812,-0.09375,0.46875,0
824.716,-0.132812,-0.09375,0.46875,0
824.726,-0.125,-0.09375,0.460938,0
824.736,-0.125,-0.09375,0.46875,0
824.747,-0.140625,-0.085938,0.46875,0
824.758,-0.140625,-0.09375,0.460938,0
824.768,-0.132812,-0.078125,0.476562,0
824.779,-0.117188,-0.09375,0.445312,0
824.789,-0.117188,-0.09375,0.484375,0
824.799,-0.101562,-0.117188,0.46875,0
824.81,-0.085938,-0.101562,0.476562,0
824.82,-0.078125,-0.109375,0.484375,0
824.831,-0.039062,-0.117188,0.507812,0
824.842,-0.03125,-0.117188,0.53125,0
824.852,0,-0.140625,0.5625,0
824.862,-0.039062,-0.125,0.53125,0
824.873,0.023438,-0.140625,0.578125,0
824.883,0.015625,-0.125,0.578125,0
824.894,-0.007812,-0.125,0.59375,0
824.904,0.015625,-0.078125,0.546875,0
824.915,-0.007812,-0.0625,0.546875,0
824.925,-0.007812,-0.078125,0.554688,0
824.936,0,-0.085938,0.515625,0
824.946,0.03125,-0.054688,0.484375,0
824.957,0.0625,-0.148438,0.484375,0
824.967,0.070312,-0.15625,0.578125,0
824.978,0.101562,-0.15625,0.554688,0
824.988,0.085938,-0.164062,0.53125,0
824.999,0.0625,-0.164062,0.507812,0
825.01,0.023438,-0.15625,0.4375,0
825.02,0.039062,-0.132812,0.375,0
825.031,-0.070312,-0.039062,0.3125,0
825.041,-0.023438,-0.140625,0.382812,0
825.052,-0.046875,-0.15625,0.5625,0
825.062,-0.132812,-0.148438,0.539062,0
825.073,-0.171875,-0.1875,0.484375,0
825.083,0.007812,0.007812,0.484375,0
825.094,-0.179688,-0.195312,0.578125,0
825.104,-0.039062,-0.054688,0.34375,0
825.115,-0.195312,-0.148438,0.601562,0
825.125,-0.164062,-0.109375,0.421875,0
825.136,-0.140625,-0.039062,0.460938,0
825.146,-0.226562,-0.0625,0.570312,0
825.157,-0.226562,-0.109375,0.460938,0
825.167,-0.1875,-0.132812,0.445312,0
825.178,-0.117188,-0.070312,0.429688,0
825.188,-0.15625,-0.117188,0.390625,0
825.199,0.03125,-0.140625,0.34375,0
825.209,-0.28125,-0.203125,0.6875,0
825.22,-0.203125,-0.0625,0.328125,0
825.23,-0.140625,-0.179688,0.546875,0
825.241,-0.171875,-0.226562,0.390625,0
825.251,-0.164062,-0.09375,0.382812,0
825.262,-0.1875,-0.070312,0.484375,0
825.272,-0.210938,-0.117188,0.421875,0
825.284,-0.171875,-0.085938,0.4375,0
825.294,-0.148438,-0.101562,0.4375,0
825.304,-0.085938,-0.09375,0.429688,0
825.315,-0.132812,-0.023438,0.34375,0
825.325,-0.140625,-0.078125,0.507812,0
825.336,-0.195312,-0.039062,0.421875,0
825.347,-0.125,-0.015625,0.398438,0
825.357,-0.210938,-0.109375,0.421875,0
825.368,-0.117188,-0.015625,0.46875,0
825.378,-0.242188,-0.085938,0.453125,0
825.388,-0.179688,-0.054688,0.453125,0
825.399,-0.148438,-0.09375,0.40625,0
825.41,-0.179688,-0.054688,0.4375,0
825.42,-0.179688,-0.085938,0.476562,0
825.431,-0.171875,-0.046875,0.414062,0
825.441,-0.164062,-0.078125,0.492188,0
825.452,-0.15625,-0.070312,0.445312,0
825.463,-0.1875,-0.070312,0.460938,0
825.473,-0.203125,-0.070312,0.453125,0
825.484,-0.203125,-0.0625,0.46875,0
825.494,-0.203125,-0.09375,0.4375,0
825.504,-0.210938,-0.070312,0.46875,0
825.516,-0.179688,-0.09375,0.429688,0
825.525,-0.203125,-0.078125,0.445312,0
825.536,-0.210938,-0.085938,0.46875,0
825.546,-0.1875,-0.09375,0.46875,0
825.557,-0.203125,-0.085938,0.453125,0
825.567,-0.234375,-0.085938,0.429688,0
825.578,-0.242188,-0.085938,0.421875,0
825.589,-0.242188,-0.0625,0.414062,0
825.599,-0.210938,-0.078125,0.421875,0
825.61,-0.242188,-0.078125,0.414062,0
825.621,-0.210938,-0.09375,0.4375,0
825.631,-0.242188,-0.09375,0.453125,0
825.641,-0.226562,-0.070312,0.421875,0
825.653,-0.203125,-0.117188,0.375,0
825.663,-0.210938,-0.085938,0.40625,0
825.673,-0.335938,-0.046875,0.453125,0
825.684,-0.21875,-0.117188,0.507812,0
825.694,-0.28125,-0.164062,0.484375,0
825.705,-0.1875,-0.085938,0.296875,0
825.715,-0.140625,-0.03125,0.484375,0
825.726,-0.304688,-0.15625,0.640625,0
825.736,-0.195312,-0.148438,0.351562,0
825.747,-0.171875,0.039062,0.40625,0
825.757,-0.1875,-0.101562,0.507812,0
825.768,-0.15625,-0.046875,0.453125,0
825.778,-0.140625,-0.09375,0.375,0
825.788,-0.171875,-0.085938,0.453125,0
825.799,-0.101562,-0.109375,0.5625,0
825.81,-0.210938,-0.132812,0.359375,0
825.82,-0.046875,-0.09375,0.554688,0
825.831,-0.078125,-0.164062,0.4375,0
825.841,0,-0.335938,0.539062,0
825.852,-0.179688,-0.007812,0.515625,0
825.862,-0.125,0.039062,0.304688,0
825.873,-0.132812,0.007812,0.492188,0
825.884,-0.304688,-0.101562,0.6875,0
825.894,0.0625,0,0.28125,0
825.904,-0.21875,-0.203125,0.546875,0
825.915,-0.164062,-0.109375,0.390625,0
825.925,-0.132812,-0.09375,0.4375,0
825.936,-0.257812,0.179688,0.429688,0
825.946,-0.125,-0.125,0.523438,0
825.957,-0.125,-0.078125,0.46875,0
825.968,-0.179688,-0.046875,0.476562,0
825.978,-0.242188,-0.101562,0.515625,0
825.988,-0.210938,-0.085938,0.484375,0
825.999,-0.15625,-0.101562,0.476562,0
826.01,-0.164062,-0.125,0.492188,0
826.02,-0.125,-0.085938,0.46875,0
826.031,-0.164062,-0.109375,0.445312,0
826.041,-0.171875,-0.078125,0.429688,0
826.052,-0.148438,-0.070312,0.421875,0
826.062,-0.179688,-0.070312,0.460938,0
826.073,-0.148438,-0.070312,0.476562,0
826.083,-0.179688,-0.125,0.492188,0
826.094,-0.140625,-0.117188,0.453125,0
826.104,-0.226562,-0.148438,0.5625,0
826.115,-0.125,-0.070312,0.445312,0
826.126,-0.109375,-0.085938,0.429688,0
826.136,-0.09375,-0.125,0.421875,0
826.146,-0.15625,-0.117188,0.492188,0
826.157,-0.117188,-0.101562,0.460938,0
826.168,-0.179688,-0.109375,0.515625,0
826.178,-0.210938,-0.171875,0.539062,0
826.189,-0.117188,-0.132812,0.578125,0
826.199,-0.148438,-0.125,0.453125,0
826.21,-0.171875,-0.171875,0.46875,0
826.22,-0.164062,-0.171875,0.585938,0
826.231,-0.085938,-0.078125,0.523438,0
826.242,0.125,0.039062,0.304688,0
826.252,0.015625,-0.078125,0.414062,0
826.262,-0.179688,-0.125,0.53125,0
826.273,-0.03125,-0.117188,0.757812,0
826.284,-0.078125,-0.140625,0.5,0
826.294,-0.195312,-0.09375,0.296875,0
826.304,-0.117188,-0.085938,0.375,0
826.315,0.015625,-0.015625,0.234375,0
826.325,-0.140625,0.039062,0.132812,0
826.336,-0.085938,0.046875,0.195312,0
826.346,-0.054688,-0.125,0.453125,0
826.357,-0.015625,-0.039062,0.554688,0
826.368,0.117188,0.03125,0.414062,0
826.378,0.03125,-0.054688,0.445312,0
826.389,-0.09375,-0.078125,0.601562,0
826.4,0.085938,-0.046875,0.398438,0
826.41,0.015625,0.023438,0.359375,0
826.42,-0.09375,-0.140625,0.5,0
826.431,0.007812,-0.0625,0.375,0
826.441,0,-0.0625,0.4375,0
826.453,-0.023438,-0.101562,0.429688,0
826.463,-0.054688,-0.09375,0.492188,0
826.473,-0.03125,-0.078125,0.539062,0
826.484,0.023438,-0.085938,0.484375,0
826.495,0.015625,-0.101562,0.484375,0
826.505,0.039062,-0.109375,0.46875,0
826.515,0.03125,-0.109375,0.515625,0
826.526,0.023438,-0.101562,0.5,0
826.537,0.023438,-0.085938,0.484375,0
826.547,0,-0.09375,0.484375,0
826.557,0.007812,-0.085938,0.476562,0
826.568,-0.015625,-0.054688,0.445312,0
826.578,0.007812,-0.101562,0.421875,0
826.589,0.007812,-0.09375,0.398438,0
826.599,-0.023438,-0.070312,0.484375,0
826.61,0.007812,-0.109375,0.460938,0
826.621,-0.023438,-0.117188,0.53125,0
826.631,-0.007812,-0.09375,0.492188,0
826.642,0,-0.101562,0.515625,0
826.652,-0.046875,-0.109375,0.507812,0
826.663,-0.023438,-0.164062,0.554688,0
826.673,-0.03125,-0.078125,0.523438,0
826.684,-0.078125,-0.0625,0.445312,0
826.694,-0.101562,-0.078125,0.421875,0
826.705,-0.078125,-0.140625,0.507812,0
826.715,-0.117188,-0.09375,0.492188,0
826.726,-0.054688,-0.085938,0.515625,0
826.736,-0.085938,-0.101562,0.507812,0
826.747,-0.054688,-0.117188,0.53125,0
826.757,-0.039062,-0.125,0.585938,0
826.768,-0.015625,-0.109375,0.429688,0
826.779,-0.101562,-0.164062,0.507812,0
826.789,-0.078125,-0.109375,0.476562,0
826.8,-0.085938,-0.101562,0.4375,0
826.81,-0.125,-0.125,0.382812,0
826.821,-0.117188,-0.039062,0.359375,0
826.831,-0.132812,-0.164062,0.476562,0
826.842,-0.070312,-0.140625,0.53125,0
826.852,-0.0625,-0.117188,0.585938,0
826.863,-0.101562,-0.148438,0.59375,0
826.873,-0.140625,-0.046875,0.5625,0
826.884,-0.140625,-0.078125,0.5,0
826.894,-0.148438,-0.085938,0.476562,0
826.905,-0.125,-0.070312,0.429688,0
826.915,-0.148438,-0.070312,0.492188,0
826.926,-0.164062,-0.0625,0.46875,0
826.936,-0.171875,-0.0625,0.445312,0
826.947,-0.125,-0.101562,0.460938,0
826.958,-0.109375,-0.125,0.492188,0
826.968,-0.140625,-0.09375,0.53125,0
826.978,-0.15625,-0.125,0.539062,0
826.989,-0.132812,-0.117188,0.523438,0
827,-0.171875,-0.109375,0.507812,0
827.01,-0.125,-0.09375,0.4375,0
827.02,-0.0625,-0.078125,0.390625,0
827.031,-0.015625,-0.070312,0.25,0
827.041,-0.1875,-0.070312,0.484375,0
827.052,-0.117188,-0.109375,0.429688,0
827.062,-0.140625,-0.09375,0.3125,0
827.073,-0.21875,-0.132812,0.46875,0
827.084,-0.15625,-0.09375,0.40625,0
827.094,-0.210938,-0.140625,0.40625,0
827.104,-0.195312,-0.0625,0.359375,0
827.115,-0.304688,-0.078125,0.429688,0
827.125,-0.585938,-0.320312,0.617188,0
827.136,-0.296875,0.039062,0.609375,0
827.146,-0.28125,-0.085938,0.53125,0
827.157,-0.148438,0.007812,0.375,0
827.168,-0.132812,0,0.335938,0
827.178,-0.226562,-0.101562,0.445312,0
827.189,-0.21875,-0.09375,0.507812,0
827.2,-0.148438,-0.039062,0.46875,0
827.21,-0.039062,-0.039062,0.398438,0
827.221,-0.21875,-0.054688,0.492188,0
827.231,-0.171875,-0.0625,0.390625,0
827.241,-0.15625,-0.039062,0.429688,0
827.252,-0.195312,-0.046875,0.429688,0
827.262,-0.148438,-0.03125,0.414062,0
827.273,-0.140625,-0.03125,0.421875,0
827.283,-0.210938,-0.0625,0.460938,0
827.294,-0.148438,-0.007812,0.40625,0
827.304,-0.179688,-0.125,0.460938,0
827.315,-0.171875,-0.015625,0.34375,0
827.325,-0.210938,-0.0625,0.585938,0
827.336,-0.148438,-0.070312,0.421875,0
827.346,-0.171875,-0.09375,0.476562,0
827.357,-0.109375,-0.03125,0.382812,0
827.368,-0.125,-0.0625,0.414062,0
827.378,-0.101562,-0.015625,0.382812,0
827.389,-0.164062,-0.0625,0.445312,0
827.399,-0.140625,-0.054688,0.46875,0
827.41,-0.148438,-0.054688,0.421875,0
827.42,-0.179688,-0.039062,0.484375,0
827.431,-0.148438,-0.0625,0.429688,0
827.441,-0.132812,-0.046875,0.445312,0
827.452,-0.132812,-0.046875,0.4375,0
827.462,-0.164062,-0.046875,0.453125,0
827.473,-0.179688,-0.039062,0.460938,0
827.483,-0.195312,-0.023438,0.53125,0
827.494,-0.179688,-0.054688,0.484375,0
827.505,-0.1875,-0.046875,0.492188,0
827.515,-0.179688,-0.054688,0.492188,0
827.526,-0.171875,-0.054688,0.460938,0
827.536,-0.203125,-0.0625,0.484375,0
827.547,-0.179688,-0.054688,0.460938,0
827.557,-0.210938,-0.046875,0.507812,0
827.568,-0.210938,-0.046875,0.5,0
827.578,-0.210938,-0.039062,0.484375,0
827.589,-0.148438,-0.03125,0.367188,0
827.599,-0.195312,0.03125,0.507812,0
827.61,-0.171875,-0.007812,0.445312,0
827.62,-0.25,-0.101562,0.523438,0
827.631,-0.25,-0.015625,0.5625,0
827.641,-0.21875,-0.085938,0.429688,0
827.652,-0.226562,-0.039062,0.515625,0
827.662,-0.1875,-0.03125,0.445312,0
827.673,-0.101562,0.023438,0.453125,0
827.683,-0.203125,0.015625,0.421875,0
827.694,-0.203125,-0.109375,0.507812,0
827.704,-0.09375,-0.023438,0.484375,0
827.715,-0.179688,-0.046875,0.359375,0
827.725,-0.25,-0.109375,0.40625,0
827.736,-0.28125,-0.054688,0.382812,0
827.746,-0.1875,-0.070312,0.476562,0
827.757,-0.125,-0.070312,0.414062,0
827.767,-0.195312,-0.125,0.484375,0
827.778,-0.164062,-0.03125,0.3125,0
827.789,-0.257812,-0.0625,0.539062,0
827.799,-0.179688,-0.085938,0.429688,0
827.81,-0.15625,0.0625,0.359375,0
827.821,-0.132812,-0.195312,0.460938,0
827.831,-0.171875,0.007812,0.609375,0
827.841,-0.28125,0.015625,0.273438,0
827.852,-0.023438,0.15625,0.148438,0
827.862,-0.3125,-0.257812,0.921875,0
827.873,-0.179688,-0.070312,0.296875,0
827.884,-0.03125,-0.054688,0.5,0
827.894,-0.171875,-0.117188,0.328125,0
827.905,-0.304688,0.023438,0.765625,0
827.915,-0.28125,-0.078125,0.359375,0
827.925,-0.078125,-0.023438,0.53125,0
827.936,-0.15625,0.03125,0.375,0
827.946,-0.265625,-0.179688,0.65625,0
827.957,-0.140625,-0.085938,0.429688,0
827.967,-0.148438,-0.078125,0.46875,0
827.978,-0.15625,-0.046875,0.507812,0
827.988,-0.132812,-0.039062,0.453125,0
827.999,-0.171875,-0.0625,0.515625,0
828.009,-0.1875,-0.03125,0.523438,0
828.02,-0.15625,-0.046875,0.5,0
828.03,-0.148438,-0.03125,0.507812,0
828.042,-0.15625,-0.054688,0.5,0
828.052,-0.140625,-0.015625,0.445312,0
828.062,-0.140625,-0.03125,0.476562,0
828.073,-0.164062,-0.054688,0.523438,0
828.083,-0.117188,-0.0625,0.460938,0
828.094,-0.125,-0.023438,0.515625,0
828.104,-0.117188,-0.0625,0.476562,0
828.115,-0.0625,-0.054688,0.359375,0
828.126,-0.132812,-0.0625,0.5625,0
828.136,-0.171875,-0.046875,0.523438,0
828.147,-0.117188,-0.070312,0.53125,0
828.157,-0.09375,-0.046875,0.460938,0
828.168,-0.117188,-0.054688,0.5625,0
828.178,-0.09375,-0.0625,0.453125,0
828.189,-0.054688,0.039062,0.414062,0
828.199,-0.03125,0.015625,0.390625,0
828.209,-0.023438,-0.054688,0.453125,0
828.22,-0.046875,-0.0625,0.507812,0
828.231,-0.054688,-0.03125,0.4375,0
828.241,0.023438,-0.007812,0.382812,0
828.252,0.023438,-0.023438,0.5,0
828.262,-0.0625,-0.039062,0.5,0
828.273,-0.046875,0.007812,0.5,0
828.283,-0.09375,-0.070312,0.484375,0
828.294,-0.078125,-0.070312,0.523438,0
828.304,-0.070312,-0.039062,0.515625,0
828.315,-0.09375,-0.0625,0.445312,0
828.326,-0.015625,0.046875,0.351562,0
828.336,-0.070312,-0.054688,0.460938,0
828.346,-0.078125,-0.046875,0.484375,0
828.357,-0.085938,-0.039062,0.414062,0
828.367,-0.109375,-0.03125,0.53125,0
828.378,-0.085938,-0.023438,0.460938,0
828.389,-0.117188,-0.023438,0.453125,0
828.399,-0.085938,0,0.4375,0
828.41,-0.101562,-0.023438,0.429688,0
828.42,-0.117188,-0.007812,0.453125,0
828.431,-0.09375,-0.03125,0.4375,0
828.442,-0.09375,-0.023438,0.453125,0
828.454,-0.117188,-0.03125,0.46875,0
828.465,-0.117188,-0.03125,0.46875,0
828.475,-0.125,-0.023438,0.445312,0
828.486,-0.132812,-0.023438,0.453125,0
828.496,-0.140625,-0.015625,0.460938,0
828.507,-0.140625,-0.023438,0.46875,0
828.518,-0.148438,-0.023438,0.46875,0
828.528,-0.140625,-0.015625,0.476562,0
828.538,-0.148438,-0.007812,0.460938,0
828.549,-0.15625,0,0.46875,0
828.559,-0.15625,-0.007812,0.460938,0
828.57,-0.15625,-0.015625,0.476562,0
828.58,-0.140625,-0.023438,0.46875,0
828.591,-0.140625,-0.015625,0.460938,0
828.601,-0.140625,-0.015625,0.460938,0
828.612,-0.125,-0.03125,0.453125,0
828.622,-0.132812,-0.03125,0.460938,0
828.633,-0.140625,-0.015625,0.46875,0
828.643,-0.132812,-0.015625,0.460938,0
828.654,-0.140625,-0.023438,0.460938,0
828.664,-0.140625,-0.023438,0.460938,0
828.675,-0.148438,0.007812,0.46875,0
828.685,-0.15625,-0.015625,0.460938,0
828.696,-0.15625,-0.015625,0.476562,0
828.707,-0.148438,-0.007812,0.460938,0
828.718,-0.164062,0,0.46875,0
828.727,-0.164062,0,0.484375,0
828.738,-0.164062,-0.015625,0.484375,0
828.748,-0.148438,-0.023438,0.484375,0
828.759,-0.15625,-0.007812,0.476562,0
828.769,-0.15625,-0.015625,0.484375,0
828.78,-0.140625,-0.015625,0.46875,0
828.79,-0.148438,-0.015625,0.460938,0
828.801,-0.148438,-0.015625,0.460938,0
828.811,-0.140625,-0.015625,0.453125,0
828.822,-0.140625,-0.023438,0.476562,0
828.832,-0.148438,-0.023438,0.476562,0
828.843,-0.140625,-0.007812,0.46875,0
828.853,-0.148438,-0.023438,0.453125,0
828.864,-0.140625,-0.015625,0.46875,0
828.874,-0.140625,-0.023438,0.46875,0
828.885,-0.140625,-0.03125,0.484375,0
828.895,-0.140625,-0.023438,0.484375,0
828.906,-0.140625,-0.03125,0.476562,0
828.916,-0.132812,-0.015625,0.46875,0
828.927,-0.148438,-0.015625,0.46875,0
828.937,-0.140625,-0.023438,0.46875,0
828.948,-0.140625,-0.023438,0.460938,0
828.958,-0.132812,-0.023438,0.453125,0
828.969,-0.125,-0.03125,0.453125,0
828.979,-0.125,-0.03125,0.460938,0
828.99,-0.132812,-0.039062,0.460938,0
829.001,-0.132812,-0.03125,0.460938,0
829.011,-0.140625,-0.03125,0.453125,0
829.022,-0.132812,-0.023438,0.460938,0
829.032,-0.140625,-0.023438,0.453125,0
829.043,-0.132812,-0.023438,0.460938,0
829.053,-0.140625,-0.03125,0.460938,0
829.064,-0.132812,-0.03125,0.460938,0
829.074,-0.140625,-0.023438,0.460938,0
829.085,-0.140625,-0.023438,0.460938,0
829.095,-0.140625,-0.015625,0.460938,0
829.106,-0.132812,-0.023438,0.460938,0
829.117,-0.132812,-0.023438,0.453125,0
829.127,-0.125,-0.015625,0.445312,0
829.138,-0.117188,-0.023438,0.445312,0
829.148,-0.101562,-0.023438,0.460938,0
829.159,-0.054688,-0.015625,0.46875,0
829.169,-0.023438,-0.03125,0.523438,0
829.18,0.007812,-0.078125,0.648438,0
829.19,0,-0.109375,0.820312,0
829.201,-0.109375,-0.148438,0.992188,0
829.206,-0.492188,-0.023438,0.992188,1
829.209,-0.492188,-0.023438,0.992188,1
829.211,-0.492188,-0.101562,0.992188,1
829.214,-0.84375,-0.101562,0.992188,1
829.217,-0.84375,-0.101562,0.992188,1
829.218,-0.84375,-0.101562,0.992188,1
829.22,-0.84375,-0.101562,0.992188,1
829.224,-1,-0.242188,0.992188,1
829.225,-1,-0.242188,0.992188,1
829.227,-1,-0.242188,0.992188,1
829.231,-1,-0.242188,0.992188,1
829.232,-1,-0.070312,0.992188,1
829.235,-1,-0.070312,0.992188,1
829.237,-1,-0.070312,0.992188,1
829.24,-1,-0.070312,0.992188,1
829.241,-1,-0.054688,0.992188,1
829.244,-1,-0.054688,0.992188,1
829.246,-1,-0.054688,0.992188,1
829.249,-1,-0.054688,0.992188,1
829.251,-1,-0.164062,0.992188,1
829.253,-1,-0.164062,0.992188,1
829.255,-1,-0.164062,0.992188,1
829.258,-1,-0.164062,0.992188,1
829.26,-1,-0.429688,0.992188,1
829.262,-1,-0.429688,0.992188,1
829.265,-1,-0.429688,0.992188,1
829.267,-1,-0.429688,0.992188,1
829.269,-1,-0.617188,0.992188,1
829.273,-1,-0.617188,0.992188,1
829.274,-1,-0.617188,0.992188,1
829.276,-1,-0.617188,0.992188,1
829.279,-1,-0.617188,0.992188,1
829.282,-0.929688,-0.804688,0.992188,1
829.283,-0.929688,-0.804688,0.992188,1
829.286,-0.929688,-0.804688,0.992188,1
829.288,-0.929688,-0.804688,0.664062,1
829.29,-0.578125,-0.945312,0.664062,1
829.293,-0.578125,-0.945312,0.664062,1
829.295,-0.578125,-0.945312,0.664062,1
829.297,-0.578125,-0.945312,0.664062,1
829.3,-0.265625,-0.929688,-0.0625,1
829.302,-0.265625,-0.929688,-0.0625,1
829.304,-0.265625,-0.929688,-0.0625,1
829.307,-0.265625,-0.929688,-0.0625,1
829.309,-0.101562,-0.84375,-0.429688,1
829.311,-0.101562,-0.84375,-0.429688,1
829.314,-0.101562,-0.84375,-0.429688,1
829.316,-0.101562,-0.84375,-0.429688,1
829.318,0.234375,-0.773438,-0.992188,1
829.321,0.234375,-0.773438,-0.992188,1
829.323,0.234375,-0.773438,-0.992188,1
829.325,0.234375,-0.773438,-0.992188,1
829.327,0.234375,-0.6875,-1,1
829.33,0.742188,-0.6875,-1,1
829.332,0.742188,-0.6875,-1,1
829.334,0.742188,-0.6875,-1,1
829.337,0.742188,-0.6875,-1,1
829.339,0.992188,-0.523438,-1,1
829.341,0.992188,-0.523438,-1,1
829.344,0.992188,-0.523438,-1,1
829.346,0.992188,-0.523438,-1,1
829.348,0.992188,-0.335938,-1,1
829.351,0.992188,-0.335938,-1,1
829.353,0.992188,-0.335938,-1,1
829.355,0.992188,-0.335938,-1,1
829.357,0.992188,-0.203125,-1,1
829.36,0.992188,-0.203125,-1,1
829.362,0.992188,-0.203125,-1,1
829.364,0.992188,-0.203125,-1,1
829.367,0.992188,-0.109375,-1,1
829.369,0.992188,-0.109375,-1,1
829.371,0.992188,-0.109375,-1,1
829.374,0.992188,-0.109375,-1,1
829.376,0.992188,-0.109375,-1,1
829.378,0.992188,-0.101562,-1,1
829.38,0.992188,-0.101562,-1,1
829.383,0.992188,-0.101562,-1,1
829.385,0.992188,-0.101562,-1,1
829.387,0.960938,-0.148438,-1,1
829.39,0.960938,-0.148438,-1,1
829.392,0.960938,-0.148438,-1,1
829.394,0.960938,-0.148438,-1,1
829.396,0.609375,-0.242188,-1,1
829.399,0.609375,-0.242188,-1,1
829.401,0.609375,-0.242188,-1,1
829.403,0.609375,-0.242188,-1,1
829.406,0.296875,-0.328125,-0.882812,1
829.408,0.296875,-0.328125,-0.882812,1
829.41,0.296875,-0.328125,-0.882812,1
829.412,0.296875,-0.328125,-0.882812,1
829.415,0.296875,-0.328125,-0.539062,1
829.417,0.015625,-0.320312,-0.539062,1
829.427,-0.195312,-0.351562,-0.226562,0
829.438,-0.328125,-0.289062,0.046875,0
829.449,-0.429688,-0.234375,0.289062,0
829.459,-0.460938,-0.164062,0.492188,0
829.47,-0.445312,-0.09375,0.640625,0
829.48,-0.445312,-0.023438,0.773438,0
829.491,-0.414062,0.007812,0.851562,0
829.501,-0.40625,0.078125,0.867188,0
829.509,-0.445312,0.046875,0.96875,1
829.511,-0.445312,0.046875,0.96875,1
829.513,-0.445312,0.015625,0.992188,1
829.515,-0.445312,0.015625,0.992188,1
829.518,-0.445312,0.015625,0.992188,1
829.52,-0.445312,0.015625,0.992188,1
829.522,-0.453125,0.164062,0.992188,1
829.525,-0.453125,0.164062,0.992188,1
829.527,-0.453125,0.164062,0.992188,1
829.529,-0.453125,0.164062,0.992188,1
829.531,-0.453125,0.132812,0.992188,1
829.534,-0.46875,0.132812,0.992188,1
829.536,-0.46875,0.132812,0.992188,1
829.538,-0.46875,0.132812,0.992188,1
829.541,-0.46875,0.132812,0.992188,1
829.543,-0.445312,0.132812,0.992188,1
829.546,-0.445312,0.132812,0.992188,1
829.548,-0.445312,0.132812,0.992188,1
829.55,-0.445312,0.132812,0.992188,1
829.552,0.820312,0.90625,-0.03125,1
829.555,0.820312,0.90625,-0.03125,1
829.557,0.820312,0.90625,-0.03125,1
829.559,0.820312,0.90625,-0.03125,1
829.561,-0.429688,0.257812,0.992188,1
829.564,-0.429688,0.257812,0.992188,1
829.566,-0.429688,0.257812,0.992188,1
829.568,-0.429688,0.257812,0.992188,1
829.571,-0.429688,0.039062,0.804688,1
829.573,-0.21875,0.039062,0.804688,1
829.575,-0.21875,0.039062,0.804688,1
829.578,-0.21875,0.039062,0.804688,1
829.588,-0.210938,0.039062,0.625,0
829.599,-0.203125,0.070312,0.585938,0
829.609,-0.15625,0.0625,0.46875,0
829.62,-0.148438,0.117188,0.492188,0
829.63,-0.195312,0.085938,0.554688,0
829.641,-0.164062,0.09375,0.523438,0
829.651,-0.140625,0.046875,0.515625,0
829.662,-0.140625,0.0625,0.570312,0
829.672,-0.164062,0.0625,0.570312,0
829.683,-0.195312,0.0625,0.570312,0
829.694,-0.21875,0.03125,0.578125,0
829.704,-0.195312,0.046875,0.609375,0
829.715,-0.210938,0.078125,0.5625,0
829.725,-0.226562,0.054688,0.570312,0
829.736,-0.21875,0.070312,0.585938,0
829.746,0.085938,0.273438,0.15625,0
829.758,-0.171875,0.007812,0.546875,0
829.768,-0.1875,0.054688,0.5625,0
829.778,-0.179688,0.046875,0.539062,0
829.789,-0.171875,0.046875,0.53125,0
829.799,-0.195312,0.015625,0.539062,0
829.809,-0.171875,0.039062,0.554688,0
829.821,-0.171875,0.039062,0.554688,0
829.831,-0.148438,0.039062,0.570312,0
829.841,-0.148438,0.039062,0.546875,0
829.852,-0.132812,0.03125,0.53125,0
829.862,-0.117188,0.03125,0.523438,0
829.873,-0.132812,0.023438,0.523438,0
829.883,-0.125,0.015625,0.507812,0
829.894,-0.125,0.023438,0.5,0
829.904,-0.125,0.023438,0.484375,0
829.915,-0.117188,0.023438,0.507812,0
829.926,-0.109375,0.015625,0.476562,0
829.936,-0.109375,0.023438,0.492188,0
829.947,-0.109375,0.007812,0.492188,0
829.957,-0.101562,0.007812,0.484375,0
829.968,-0.09375,0,0.484375,0
829.978,-0.09375,0.007812,0.492188,0
829.989,-0.101562,0.007812,0.5,0
829.999,-0.117188,0.007812,0.492188,0
830.01,-0.109375,0.023438,0.484375,0
830.021,-0.101562,0.007812,0.476562,0
830.031,-0.101562,0.03125,0.484375,0
830.042,-0.101562,0.007812,0.46875,0
830.052,-0.101562,0.023438,0.453125,0
830.063,-0.117188,0.023438,0.453125,0
830.073,-0.109375,0.023438,0.476562,0
830.084,-0.101562,-0.007812,0.453125,0
830.094,-0.078125,0.015625,0.445312,0
830.105,-0.09375,0.03125,0.5,0
830.115,-0.09375,0.023438,0.460938,0
830.126,-0.101562,0.015625,0.460938,0
830.136,-0.101562,0.015625,0.453125,0
830.147,-0.109375,0.039062,0.484375,0
830.157,-0.101562,0.015625,0.484375,0
830.168,-0.117188,0.03125,0.492188,0
830.179,-0.09375,0.015625,0.476562,0
830.189,-0.09375,0.015625,0.476562,0
830.2,-0.09375,0.007812,0.484375,0
830.21,-0.085938,0.007812,0.484375,0
830.221,-0.101562,0.015625,0.484375,0
830.231,-0.09375,0.03125,0.53125,0
830.242,-0.085938,0.015625,0.5,0
830.252,-0.109375,0.023438,0.5,0
830.263,-0.101562,0.015625,0.492188,0
830.273,-0.09375,0.007812,0.484375,0
830.284,-0.09375,0.007812,0.476562,0
830.294,-0.09375,0.015625,0.46875,0
830.305,-0.09375,0.015625,0.476562,0
830.315,-0.109375,0.015625,0.492188,0
830.326,-0.070312,0.007812,0.5,0
830.336,-0.101562,0.015625,0.476562,0
830.347,-0.078125,0.015625,0.453125,0
830.357,-0.09375,0.03125,0.46875,0
830.367,-0.101562,0.03125,0.46875,0
830.378,-0.101562,0.03125,0.476562,0
830.388,-0.125,0.023438,0.5,0
830.399,-0.09375,0.015625,0.46875,0
830.409,-0.101562,0.015625,0.492188,0
830.42,-0.125,0.03125,0.46875,0
830.43,-0.078125,0,0.476562,0
830.441,-0.101562,0.03125,0.484375,0
830.456,-0.109375,0.039062,0.476562,0
830.467,-0.109375,0.023438,0.476562,0
830.477,-0.109375,0.023438,0.484375,0
830.488,-0.09375,0.03125,0.46875,0
830.498,-0.101562,0.023438,0.476562,0
830.509,-0.109375,0.023438,0.484375,0
830.519,-0.085938,0.015625,0.492188,0
830.53,-0.09375,0.015625,0.46875,0
830.54,-0.09375,0.015625,0.484375,0
830.551,-0.085938,0.015625,0.476562,0
830.561,-0.085938,0.015625,0.46875,0
830.572,-0.085938,0.015625,0.46875,0
830.583,-0.078125,0.03125,0.476562,0
830.593,-0.085938,0.015625,0.460938,0
830.603,-0.101562,0.03125,0.492188,0
830.614,-0.101562,0.015625,0.476562,0
830.624,-0.101562,0.023438,0.476562,0
830.635,-0.101562,0.015625,0.46875,0
830.646,-0.101562,0.015625,0.476562,0
830.656,-0.109375,0.015625,0.476562,0
830.667,-0.101562,0.015625,0.484375,0
830.677,-0.101562,0.015625,0.460938,0
830.688,-0.085938,0,0.492188,0
830.698,-0.09375,0,0.484375,0
830.708,-0.109375,0.015625,0.484375,0
830.719,-0.101562,0.007812,0.484375,0
830.729,-0.109375,0.015625,0.484375,0
830.74,-0.109375,0.023438,0.476562,0
830.751,-0.109375,0.015625,0.476562,0
830.761,-0.109375,0.015625,0.476562,0
830.771,-0.109375,0.015625,0.492188,0
830.783,-0.101562,0.015625,0.484375,0
830.792,-0.101562,0.007812,0.476562,0
830.803,-0.101562,0.007812,0.484375,0
830.813,-0.101562,0.015625,0.492188,0
830.824,-0.101562,0.007812,0.46875,0
830.835,-0.101562,0.015625,0.46875,0
830.845,-0.101562,0.007812,0.476562,0
830.856,-0.101562,0.015625,0.476562,0
830.866,-0.101562,0.015625,0.484375,0
830.877,-0.101562,0.023438,0.484375,0
830.887,-0.101562,0.015625,0.476562,0
830.898,-0.109375,0.015625,0.46875,0
830.909,-0.101562,0.007812,0.476562,0
830.919,-0.101562,0.015625,0.484375,0
830.929,-0.101562,0.015625,0.476562,0
830.94,-0.109375,0.007812,0.484375,0
830.951,-0.101562,0,0.492188,0
830.961,-0.101562,0.015625,0.484375,0
830.971,-0.101562,0.007812,0.476562,0
830.982,-0.101562,0.015625,0.46875,0
830.992,-0.101562,0.015625,0.460938,0
831.003,-0.101562,0.015625,0.46875,0
831.013,-0.101562,0.023438,0.46875,0
831.025,-0.101562,0.015625,0.46875,0
831.035,-0.101562,0.015625,0.476562,0
831.045,-0.101562,0.015625,0.476562,0
831.056,-0.101562,0.015625,0.460938,0
831.066,-0.085938,0.015625,0.46875,0
831.077,-0.09375,0.007812,0.476562,0
831.087,-0.101562,0.007812,0.476562,0
831.098,-0.101562,0,0.476562,0
831.108,-0.085938,0.007812,0.484375,0
831.119,-0.09375,0.007812,0.476562,0
831.129,-0.101562,0.023438,0.484375,0
831.14,-0.101562,0.023438,0.484375,0
831.15,-0.109375,0.023438,0.476562,0
831.161,-0.09375,0.015625,0.46875,0
831.171,-0.101562,0.03125,0.476562,0
831.182,-0.109375,0.023438,0.476562,0
831.192,-0.09375,0.015625,0.484375,0
831.203,-0.109375,0.023438,0.476562,0
831.213,-0.101562,0.015625,0.484375,0
831.224,-0.101562,0.015625,0.484375,0
831.234,-0.085938,0.023438,0.476562,0
831.245,-0.101562,0.015625,0.476562,0
831.256,-0.101562,0.015625,0.476562,0
831.266,-0.101562,0.023438,0.484375,0
831.277,-0.09375,0.015625,0.476562,0
831.288,-0.101562,0.015625,0.484375,0
831.298,-0.101562,0.015625,0.484375,0
831.308,-0.101562,0.015625,0.476562,0
831.319,-0.101562,0.007812,0.46875,0
831.329,-0.09375,0.03125,0.476562,0
831.341,-0.101562,0.023438,0.476562,0
831.351,-0.101562,0.023438,0.460938,0
831.361,-0.09375,0.023438,0.46875,0
831.371,-0.101562,0.015625,0.46875,0
831.382,-0.09375,0.023438,0.476562,0
831.392,-0.101562,0.015625,0.484375,0
831.403,-0.101562,0.023438,0.484375,0
831.414,-0.09375,0.015625,0.476562,0
831.424,-0.101562,0.015625,0.476562,0
831.435,-0.085938,0.007812,0.476562,0
831.445,-0.101562,0.015625,0.484375,0
831.456,-0.09375,0.023438,0.484375,0
831.466,-0.101562,0.015625,0.476562,0
831.477,-0.09375,0.015625,0.484375,0
831.487,-0.09375,0.007812,0.476562,0
831.498,-0.09375,0.015625,0.484375,0
831.508,-0.101562,0.015625,0.476562,0
831.519,-0.101562,0.015625,0.46875,0
831.529,-0.101562,0.015625,0.476562,0
831.54,-0.101562,0.023438,0.476562,0
831.55,-0.101562,0.023438,0.476562,0
831.561,-0.109375,0.023438,0.484375,0
831.571,-0.09375,0.015625,0.484375,0
831.582,-0.109375,0.023438,0.476562,0
831.592,-0.09375,0.015625,0.476562,0
831.603,-0.101562,0.015625,0.484375,0
831.613,-0.09375,0.015625,0.476562,0
831.624,-0.09375,0.007812,0.476562,0
831.634,-0.09375,0.007812,0.46875,0
831.645,-0.085938,0.007812,0.476562,0
831.655,-0.109375,0.023438,0.484375,0
831.666,-0.101562,0.03125,0.476562,0
831.676,-0.101562,0.023438,0.476562,0
831.687,-0.101562,0.023438,0.484375,0
831.698,-0.101562,0.023438,0.476562,0
831.708,-0.101562,0.023438,0.476562,0
831.719,-0.101562,0.015625,0.484375,0
831.729,-0.09375,0.007812,0.476562,0
831.74,-0.101562,0.015625,0.46875,0
831.751,-0.101562,0.023438,0.476562,0
831.761,-0.101562,0.023438,0.476562,0
831.772,-0.101562,0.023438,0.484375,0
831.782,-0.09375,0.023438,0.476562,0
831.792,-0.09375,0.015625,0.484375,0
831.804,-0.09375,0.023438,0.476562,0
831.814,-0.101562,0.015625,0.46875,0
831.824,-0.09375,0.023438,0.484375,0
831.835,-0.09375,0.015625,0.476562,0
831.845,-0.101562,0.015625,0.476562,0
831.856,-0.09375,0.007812,0.476562,0
831.867,-0.085938,0.015625,0.476562,0
831.877,-0.085938,0.015625,0.476562,0
831.887,-0.101562,0.015625,0.476562,0
831.899,-0.101562,0.015625,0.476562,0
831.908,-0.09375,0.015625,0.46875,0
831.919,-0.101562,0.015625,0.46875,0
831.93,-0.09375,0.015625,0.476562,0
831.94,-0.09375,0.023438,0.476562,0
831.951,-0.09375,0.015625,0.484375,0
831.961,-0.101562,0.015625,0.484375,0
831.971,-0.09375,0.015625,0.484375,0
831.982,-0.109375,0.015625,0.5,0
831.992,-0.09375,0.007812,0.453125,0
832.003,-0.101562,0.03125,0.492188,0
832.013,-0.109375,0.015625,0.484375,0
832.024,-0.109375,0.007812,0.476562,0
832.034,-0.109375,0.023438,0.476562,0
832.045,-0.101562,0.007812,0.476562,0
832.055,-0.101562,0.03125,0.476562,0
832.066,-0.09375,0.015625,0.476562,0
832.077,-0.09375,0.015625,0.484375,0
832.087,-0.09375,0.023438,0.484375,0
832.098,-0.101562,0.015625,0.476562,0
832.108,-0.085938,0.015625,0.476562,0
832.119,-0.09375,0.015625,0.484375,0
832.129,-0.09375,0.015625,0.46875,0
832.14,-0.09375,0.007812,0.476562,0
832.15,-0.09375,0.015625,0.476562,0
832.161,-0.09375,0.015625,0.484375,0
832.171,-0.101562,0.007812,0.476562,0
832.181,-0.09375,0.015625,0.484375,0
832.192,-0.09375,0.023438,0.476562,0
832.203,-0.101562,0.015625,0.476562,0
832.213,-0.101562,0.023438,0.476562,0
832.224,-0.101562,0.015625,0.476562,0
832.234,-0.101562,0.03125,0.484375,0
832.245,-0.101562,0.023438,0.476562,0
832.255,-0.101562,0.023438,0.46875,0
832.266,-0.101562,0.015625,0.476562,0
832.277,-0.101562,0.015625,0.476562,0
832.287,-0.09375,0.015625,0.484375,0
832.297,-0.101562,0.023438,0.484375,0
832.308,-0.101562,0.023438,0.476562,0
832.318,-0.09375,0.015625,0.484375,0
832.329,-0.09375,0.015625,0.484375,0
832.339,-0.09375,0.015625,0.476562,0
832.35,-0.09375,0.023438,0.476562,0
832.36,-0.09375,0.015625,0.484375,0
832.371,-0.09375,0.023438,0.476562,0
832.381,-0.085938,0.015625,0.476562,0
832.392,-0.09375,0.015625,0.476562,0
832.402,-0.101562,0.023438,0.484375,0
832.413,-0.09375,0.015625,0.484375,0
832.423,-0.09375,0.015625,0.476562,0
832.434,-0.09375,0.015625,0.476562,0
832.444,-0.09375,0.015625,0.46875,0
832.456,-0.085938,0.015625,0.46875,0
832.467,-0.09375,0.015625,0.476562,0
832.477,-0.09375,0.007812,0.46875,0
832.488,-0.101562,0.015625,0.484375,0
832.498,-0.101562,0.023438,0.476562,0
832.509,-0.101562,0.023438,0.476562,0
832.519,-0.101562,0.023438,0.46875,0
832.53,-0.09375,0.015625,0.46875,0
832.54,-0.09375,0.023438,0.46875,0
832.551,-0.101562,0.023438,0.476562,0
832.561,-0.085938,0.015625,0.46875,0
832.572,-0.085938,0.015625,0.484375,0
832.582,-0.085938,0.015625,0.476562,0
832.593,-0.09375,0.015625,0.476562,0
832.603,-0.09375,0.015625,0.46875,0
832.614,-0.101562,0.007812,0.476562,0
832.624,-0.09375,0.015625,0.476562,0
832.635,-0.09375,0.015625,0.484375,0
832.645,-0.09375,0.023438,0.484375,0
832.656,-0.09375,0.023438,0.484375,0
832.666,-0.109375,0.023438,0.476562,0
832.677,-0.101562,0.03125,0.476562,0
832.687,-0.101562,0.023438,0.484375,0
832.698,-0.09375,0.015625,0.484375,0
832.708,-0.09375,0.015625,0.492188,0
