Program Time [s],data 0,data 1,data 2
527.458,49,209,387
527.468,49,194,-612
527.478,49,208,317
527.488,49,191,-554
527.499,49,211,28
527.509,49,191,-389
527.519,49,212,454
527.529,49,193,-446
527.539,49,211,342
527.549,49,195,279
527.559,49,214,-217
527.569,49,196,390
527.579,49,214,-428
527.589,49,195,271
527.599,49,209,-338
527.61,49,192,395
527.62,49,213,-722
527.63,49,191,477
527.64,49,211,-722
527.65,49,193,424
527.66,49,211,-605
527.67,49,193,459
527.68,49,217,-454
527.69,49,204,669
527.7,49,237,-417
527.71,49,209,606
527.72,49,210,-485
527.731,49,194,398
527.741,49,210,-734
527.751,49,197,502
527.761,49,211,-781
527.771,49,199,383
527.781,49,213,-497
527.791,49,193,363
527.801,49,214,-472
527.811,49,195,602
527.821,49,213,1
527.831,49,193,2416
527.841,49,217,497
527.851,49,198,408
527.861,49,216,-950
527.872,49,206,314
527.882,49,223,-676
527.892,49,212,435
527.902,49,226,-650
527.912,49,215,548
527.922,49,232,-769
527.932,49,222,615
527.942,49,234,-630
527.952,49,216,572
527.962,49,228,-798
527.972,49,210,679
527.982,49,223,-445
527.992,49,207,654
528.002,49,222,-245
528.013,49,203,1088
528.023,49,221,-104
528.033,49,204,1269
528.043,49,222,188
528.053,49,204,1556
528.063,49,222,508
528.073,49,207,1641
528.083,49,220,251
528.093,49,206,1225
528.103,49,221,-277
528.113,49,205,888
528.123,49,220,-471
528.133,49,204,712
528.143,49,218,-814
528.154,49,202,636
528.164,49,208,-524
528.174,49,203,711
528.184,49,205,-700
528.194,49,203,737
528.204,49,206,-641
528.214,49,199,579
528.224,49,205,-492
528.234,49,203,643
528.244,49,206,-724
528.254,49,205,556
528.264,49,214,-709
528.274,49,200,403
528.285,49,205,-679
528.295,49,198,470
528.305,49,200,-655
528.315,49,199,233
528.325,49,199,-659
528.335,49,200,304
528.345,49,199,-804
528.355,49,194,254
528.365,49,199,-587
528.375,49,196,195
528.385,49,197,-401
528.395,49,193,243
528.405,49,196,-724
528.416,49,203,290
528.426,49,199,-796
528.436,49,207,160
528.446,49,195,-799
528.456,49,196,134
528.466,49,205,-672
528.476,49,202,102
528.486,49,200,-996
528.496,40,199,151
528.506,40,199,-790
528.516,40,198,-130
528.526,40,198,-953
528.537,40,205,-374
528.547,40,197,-611
528.557,40,207,-234
528.567,40,198,-395
528.577,40,206,-415
528.587,40,199,-453
528.597,40,214,235
528.607,40,224,-58
528.617,40,224,-72
528.627,40,204,-266
528.637,40,197,-185
528.647,40,192,-331
528.658,40,204,-120
528.668,40,194,-505
528.678,40,201,-143
528.688,40,196,-235
528.698,40,203,-126
528.708,40,196,-466
528.718,40,199,-84
528.728,40,195,276
528.738,40,209,1411
528.748,40,195,842
528.759,40,207,-407
528.769,40,191,-576
528.779,40,208,-769
528.789,40,192,-98
528.799,40,215,-642
528.809,40,192,-229
528.819,40,211,-399
528.829,40,203,-421
528.839,40,218,-362
528.849,40,198,-569
528.859,40,218,-329
528.869,40,196,-131
528.881,40,207,-602
528.89,40,186,191
528.9,40,203,-389
528.91,40,185,273
528.92,40,202,-127
528.93,40,183,710
528.94,40,199,-304
528.95,40,182,443
528.96,40,200,413
528.97,40,185,907
528.98,40,203,188
528.99,40,183,824
529,40,202,-84
529.011,40,185,250
529.022,40,201,-559
529.031,40,186,39
529.041,40,196,-741
529.051,40,187,-9
529.061,40,203,-756
529.071,40,183,-344
529.081,40,201,-839
529.091,40,182,-205
529.101,40,201,-708
529.111,40,179,15
529.121,40,196,-822
529.132,40,183,246
529.142,40,202,-876
529.152,40,183,203
529.162,40,200,-751
529.172,40,183,-71
529.182,40,200,-672
529.192,40,185,372
529.202,40,198,-860
529.212,40,183,268
529.222,40,201,-898
529.232,40,183,286
529.242,40,200,-541
529.252,40,182,-55
529.263,40,202,-646
529.273,40,181,219
529.283,40,198,-721
529.293,40,182,471
529.303,40,200,-709
529.313,40,182,318
529.323,40,199,-547
529.333,40,181,157
529.343,40,201,-728
529.353,40,185,422
529.363,40,203,-730
529.374,40,189,413
529.384,40,199,-677
529.394,40,192,515
529.404,40,201,-862
529.417,40,184,390
529.427,40,188,-731
529.437,40,186,486
529.448,40,188,-740
529.458,40,195,343
529.468,40,186,-807
529.478,40,196,553
529.488,40,188,-480
529.498,40,206,494
529.508,40,215,-458
529.518,40,214,464
529.528,40,189,-497
529.538,40,191,572
529.548,40,179,-738
529.558,40,183,238
529.568,40,185,-524
529.579,40,196,-124
529.589,40,188,-288
529.599,40,198,-218
529.609,40,191,-234
529.619,40,202,-87
529.629,40,190,272
529.639,40,199,1453
529.649,40,190,985
529.659,40,200,-133
529.669,40,193,-507
529.679,40,202,-777
529.69,47,187,-488
529.7,47,203,-484
529.71,47,189,-355
529.72,47,209,-239
529.73,47,198,-165
529.74,47,211,133
529.75,47,200,46
529.76,47,209,87
529.77,47,196,-98
529.78,47,203,40
529.79,47,186,17
529.801,47,198,-160
529.811,47,178,440
529.821,47,196,-128
529.831,47,177,528
529.841,47,194,51
529.851,47,177,879
529.861,47,194,221
529.871,47,178,965
529.881,47,196,342
529.891,47,178,801
529.901,47,196,39
529.912,47,179,353
529.922,47,196,-713
529.932,47,178,-10
529.942,47,196,-692
529.952,47,180,-60
529.962,47,195,-973
529.972,47,178,-124
529.982,47,194,-899
529.992,47,177,-83
530.002,47,195,-706
530.012,47,176,118
530.022,47,194,-619
530.032,47,176,149
530.043,47,194,-777
530.053,47,175,333
530.063,47,191,-795
530.073,47,175,335
530.083,47,191,-475
530.093,47,175,264
530.103,47,192,-546
530.113,47,176,222
530.123,47,192,-504
530.133,47,175,307
530.143,47,192,-579
530.153,47,176,44
530.164,47,192,-794
530.174,47,174,414
530.184,47,192,-853
530.194,47,172,324
530.204,47,193,-840
530.214,47,177,158
530.224,47,194,-836
530.234,47,177,301
530.244,47,195,-729
530.254,47,175,237
530.264,47,191,-764
530.273,47,173,317
530.285,47,190,-722
530.295,47,178,358
530.305,47,190,-862
530.315,47,178,406
530.325,47,189,-805
530.335,47,171,409
530.345,47,189,-509
530.355,47,180,600
530.365,47,216,-496
530.375,47,194,537
530.385,47,193,-620
530.396,47,175,404
530.406,47,185,-758
530.416,47,176,391
530.426,47,191,-808
530.436,47,176,316
530.446,47,189,-799
530.456,47,179,276
530.466,47,189,-922
530.476,47,178,317
530.486,47,191,-299
530.496,47,180,1923
530.506,47,190,437
530.516,47,183,727
530.527,47,192,-1175
530.537,47,183,-39
530.547,47,197,-1061
530.557,47,188,367
530.567,47,196,-1023
530.577,47,190,250
530.587,47,203,-829
530.597,47,195,323
530.607,47,205,-789
530.617,59,193,474
530.627,59,200,-620
530.638,59,185,141
530.648,59,178,-209
530.658,59,179,445
530.668,59,177,-229
530.678,59,178,794
530.688,59,176,62
530.698,59,176,670
530.708,59,174,-38
530.718,59,175,1139
530.728,59,174,186
530.738,59,174,1194
530.748,59,173,-12
530.76,59,175,602
530.769,59,175,-312
530.779,59,173,132
530.789,59,173,-704
530.799,59,176,-114
530.809,59,172,-743
530.819,59,174,-226
530.829,59,172,-872
530.839,59,175,-193
530.849,59,173,-790
530.859,59,173,-246
530.869,59,170,-821
530.879,59,175,-212
530.89,59,172,-540
530.9,59,181,-72
530.91,59,171,-689
530.92,59,184,-31
530.93,59,169,-446
530.94,59,181,-49
530.95,59,169,-691
530.96,59,171,18
530.97,59,168,-610
530.98,59,171,-94
530.99,59,170,-677
531,59,169,-29
531.01,59,169,-529
531.02,59,171,8
531.031,59,167,-248
531.041,59,179,-413
531.051,59,168,-209
531.061,59,180,-473
531.071,59,167,-320
531.081,59,180,-471
531.091,59,168,-427
531.101,59,181,-456
531.111,59,170,-393
531.121,59,183,-326
531.131,59,170,-526
531.141,59,180,-390
531.152,59,168,-222
531.162,59,178,-374
531.172,59,166,-245
531.182,59,178,-294
531.192,59,164,-219
531.202,59,178,-353
531.212,59,162,-179
531.222,59,177,-263
531.232,59,166,-154
531.242,59,180,-133
531.252,59,173,32
531.262,59,207,-121
531.273,59,176,243
531.283,59,179,-469
531.293,59,155,113
531.303,59,174,-559
531.313,59,159,146
531.323,59,176,-661
531.333,59,159,-162
531.343,59,177,-729
531.353,59,158,-267
531.363,59,176,-382
531.373,59,159,-140
531.383,59,178,67
531.394,59,161,1935
531.404,59,179,428
531.419,59,168,236
531.429,59,179,-1055
531.439,59,171,-146
531.448,59,180,-817
531.46,59,174,163
531.47,59,175,-869
531.48,59,180,273
531.49,59,178,-912
531.5,59,181,234
531.51,59,178,-812
531.52,59,177,396
531.53,59,169,-489
531.54,59,169,483
531.55,60,164,-364
531.56,60,165,449
531.57,60,162,-194
531.581,60,174,376
531.591,60,159,79
531.601,60,171,708
531.611,60,158,444
531.621,60,172,914
531.631,60,160,274
531.641,60,160,893
531.651,60,158,9
531.661,60,160,301
531.671,60,157,-491
531.681,60,160,-74
531.69,60,159,-724
531.702,60,170,-552
531.712,60,158,-384
531.722,60,171,-728
531.733,60,156,-480
531.742,60,170,-717
531.752,60,157,-296
531.762,60,170,-585
531.772,60,154,-646
531.782,60,169,-627
531.792,60,155,-597
531.802,60,170,-640
531.812,60,154,-575
531.822,60,168,-51
531.832,60,154,-644
531.843,60,168,-434
531.853,60,155,-250
531.863,60,168,-506
531.873,60,154,-280
531.883,60,167,-431
531.893,60,153,-212
531.903,60,167,-584
531.913,60,154,-281
531.923,60,167,-485
531.933,60,153,-239
531.943,60,166,-519
531.954,60,147,117
531.964,60,166,-723
531.974,60,149,118
531.984,60,167,-600
531.994,60,147,150
532.004,60,165,-615
532.014,60,149,-209
532.024,60,168,-643
532.034,60,152,-210
532.044,60,168,-518
532.054,60,151,-186
532.064,60,167,-340
532.073,60,152,-200
532.085,60,165,-750
532.095,60,146,149
532.105,60,165,-617
532.115,60,148,278
532.125,60,166,-673
532.135,60,146,170
532.145,60,165,-556
532.155,60,151,364
532.165,60,179,-368
532.175,60,176,381
532.185,60,184,-431
532.195,60,147,314
532.205,60,162,-582
532.216,60,146,293
532.226,60,162,-641
532.236,60,147,319
532.246,60,163,-639
532.256,60,147,218
532.266,60,166,-719
532.276,60,148,167
532.286,60,166,-434
532.296,60,148,947
532.306,60,168,1313
532.316,60,149,1452
532.326,60,169,-707
532.336,60,150,-83
532.347,60,170,-1042
532.357,60,154,266
532.367,60,172,-855
532.377,60,158,288
532.387,60,179,-826
532.397,68,163,412
532.407,68,179,-744
532.417,68,163,425
532.427,68,177,-718
532.437,68,158,565
532.447,68,168,-639
532.457,68,150,637
532.466,68,163,-440
532.478,68,146,826
532.488,68,161,-294
532.498,68,145,928
532.508,68,163,-110
532.518,68,145,1238
532.528,68,160,158
532.538,68,144,1303
532.548,68,159,58
532.558,68,144,1180
532.568,68,159,-325
532.578,68,144,527
532.588,68,161,-874
532.598,68,143,296
532.609,68,159,-1062
532.619,68,152,-12
532.629,68,161,-1087
532.639,68,153,137
532.649,68,160,-1040
532.659,68,152,82
532.669,68,159,-1091
532.679,68,152,156
532.689,68,159,-1012
532.699,68,152,214
532.709,68,157,-910
532.719,68,143,277
532.73,68,158,-916
532.74,68,151,143
532.75,68,157,-810
532.76,68,152,347
532.77,68,158,-866
532.78,68,149,312
532.79,68,158,-792
532.8,68,151,197
532.81,68,156,-738
532.82,68,152,257
532.83,68,156,-677
532.84,68,149,149
532.849,68,157,-817
532.861,68,149,171
532.871,68,145,-713
532.881,68,150,126
532.891,68,145,-787
532.901,68,150,293
532.911,68,156,-799
532.921,68,148,272
532.931,68,156,-700
532.941,68,149,205
532.951,68,158,-696
532.961,68,153,214
532.971,68,160,-759
532.98,68,151,310
532.992,68,145,-413
533.002,68,150,-85
533.012,68,144,-360
533.022,68,149,-65
533.032,68,143,-317
533.042,68,149,144
533.052,68,145,-417
533.062,68,148,191
533.072,68,144,-360
533.082,68,154,336
533.092,68,162,-448
533.102,68,180,497
533.113,68,157,-286
533.123,68,149,212
533.133,68,140,-349
533.143,68,146,38
533.153,68,144,-379
533.163,68,150,-58
533.173,68,143,-353
533.183,68,150,-16
533.193,68,145,-411
533.203,68,151,39
533.213,68,144,-78
533.222,68,153,849
533.232,68,145,1526
533.244,68,163,440
533.254,68,147,-259
533.264,68,164,-713
533.274,68,150,-420
533.284,68,166,-433
533.294,68,153,-157
533.304,68,171,-41
533.314,68,157,-195
533.324,68,176,54
533.334,68,162,-118
533.344,68,164,132
533.354,68,159,-159
533.365,68,169,-283
533.375,68,152,281
533.385,68,160,-162
533.395,68,147,329
533.405,68,159,1
533.42,68,143,494
533.43,68,154,173
533.439,68,141,684
533.451,68,154,187
533.461,68,147,1284
533.471,68,154,469
533.481,68,148,723
533.491,68,155,238
533.501,68,149,373
533.511,68,155,-244
533.521,68,149,-79
533.531,68,155,-333
533.541,68,150,-225
533.551,68,154,-610
533.56,68,149,28
533.57,68,153,-852
533.582,68,150,-12
533.592,68,151,-932
533.602,68,150,95
533.612,68,153,-776
533.622,68,148,205
533.632,68,154,-748
533.642,68,149,236
533.652,68,153,-734
533.662,68,148,279
533.672,68,152,-685
533.681,68,148,236
533.691,68,151,-661
533.703,68,148,-202
533.713,68,142,-252
533.723,68,149,-110
533.733,68,139,-260
533.743,68,149,64
533.753,68,140,-343
533.763,68,148,169
533.773,68,139,-262
533.783,68,148,151
533.793,68,141,-651
533.803,68,148,112
533.812,68,140,-612
533.822,68,146,77
533.834,68,142,-308
533.844,68,151,-50
533.854,68,145,-249
533.864,68,150,-73
533.874,68,142,-234
533.884,68,148,-38
533.894,68,140,-267
533.904,68,147,-157
533.914,68,140,-284
533.924,68,147,30
533.934,68,141,-270
533.943,68,149,-82
533.955,68,141,-135
533.965,68,159,-305
533.975,68,149,178
533.985,68,184,283
533.995,68,163,52
534.005,68,159,172
534.015,68,137,-56
534.025,68,153,49
534.035,68,140,-288
534.045,68,149,-56
534.055,68,142,-263
534.064,68,149,29
534.076,68,143,244
534.086,68,158,-279
534.096,68,143,181
534.106,68,160,171
534.116,68,144,1592
534.126,68,160,1083
534.136,68,146,573
534.146,68,161,-677
534.156,30,149,-154
534.166,30,165,-517
534.176,30,152,13
534.186,30,169,-349
534.196,30,155,10
534.205,30,174,-300
534.217,30,159,182
534.227,30,176,-170
534.237,30,159,220
534.247,30,172,-113
534.257,30,154,352
534.267,30,164,-76
534.277,30,146,469
534.287,30,160,92
534.297,30,143,634
534.307,30,158,236
534.316,30,142,791
534.326,30,158,392
534.336,30,143,998
534.348,30,158,472
534.359,30,140,1389
534.368,30,158,292
534.378,30,140,1039
534.388,30,159,-88
534.398,30,141,526
534.408,30,159,-566
534.418,30,140,-59
534.427,30,161,-730
534.437,30,140,-15
534.447,30,160,-746
534.459,30,142,165
534.469,30,159,-841
534.479,30,141,198
534.489,30,160,-902
534.499,30,141,238
534.509,30,158,-743
534.519,30,141,356
534.529,30,158,-632
534.539,30,142,378
534.549,30,158,-670
534.559,30,141,532
534.57,30,152,-752
534.58,30,139,560
534.59,30,154,-641
534.6,30,140,493
534.61,30,155,-563
534.62,30,141,560
534.63,30,153,-584
534.64,30,142,308
534.65,30,155,-700
534.659,30,141,302
534.669,30,160,-531
534.68,30,140,300
534.689,30,160,-602
534.701,30,142,438
534.711,30,155,-822
534.721,30,142,567
534.731,30,154,-760
534.741,30,142,459
534.751,30,157,-619
534.761,30,145,513
534.771,30,158,-562
534.781,30,143,431
534.791,30,156,-588
534.801,30,142,663
534.811,30,154,-658
534.82,30,140,667
534.832,30,154,-513
534.843,30,142,604
534.852,30,155,-464
534.862,30,140,540
534.872,30,155,-483
534.882,30,147,766
534.892,30,178,-359
534.902,30,172,837
534.912,30,165,-463
534.922,30,141,627
534.931,30,152,-577
534.942,30,141,394
534.953,30,157,-488
534.963,30,153,303
534.973,30,156,-518
534.983,30,154,388
534.993,30,156,-680
535.003,30,155,371
535.013,30,157,-231
535.023,30,157,1734
535.033,30,159,1234
535.043,30,156,1453
535.052,30,160,-820
535.062,30,159,199
535.074,30,163,-624
535.084,30,163,383
535.094,30,169,-585
535.104,30,169,326
535.114,30,171,-435
535.124,30,172,357
535.134,30,175,-393
535.144,30,172,460
535.154,30,171,-241
535.164,30,164,600
535.174,30,164,-215
535.184,30,159,543
535.193,30,158,63
535.203,30,155,718
535.213,30,157,173
535.225,30,157,959
535.235,30,144,270
535.245,30,154,1023
535.255,30,147,464
535.265,30,154,1212
535.275,30,145,439
535.285,30,156,861
535.294,30,156,-43
535.305,30,155,498
535.315,30,156,-472
535.325,30,157,141
535.336,30,146,-385
535.346,30,156,-259
535.356,30,146,-241
535.366,30,156,-394
535.376,30,147,-409
535.386,30,156,-254
535.396,30,147,-314
535.406,30,154,-267
535.421,30,142,-163
535.43,30,163,-78
535.44,30,144,-218
535.452,30,158,-165
535.462,30,144,77
535.472,30,155,-117
535.482,30,145,-195
535.492,30,156,-129
535.502,30,144,-176
535.512,30,156,-144
535.522,30,145,-120
535.532,30,157,-134
535.542,30,144,-256
535.551,30,156,-165
535.561,30,143,547
535.573,30,156,-677
535.583,30,145,449
535.593,30,155,-693
535.603,30,144,437
535.613,30,155,-611
535.623,30,145,452
535.633,30,155,-672
535.643,30,146,510
535.653,30,158,-626
535.663,30,149,493
535.673,30,159,-707
535.682,30,149,406
535.693,30,158,-804
535.704,30,155,267
535.714,30,155,-508
535.724,30,155,241
535.734,30,156,-583
535.744,30,154,220
535.754,30,154,-561
535.764,30,155,398
535.774,30,157,-488
535.784,30,160,625
535.793,30,167,-281
535.804,30,190,638
535.814,30,179,-299
535.824,30,154,606
535.833,30,155,-614
535.845,30,152,240
535.855,30,157,-510
535.865,30,157,349
535.875,30,157,-431
535.885,30,157,242
535.895,30,159,-395
535.905,30,158,357
535.915,30,159,-244
535.925,29,159,941
535.935,29,159,1550
535.945,29,160,1701
535.954,29,163,-102
535.964,29,163,28
535.976,29,153,-713
535.986,29,166,91
535.996,29,158,-428
536.006,29,171,92
536.016,29,162,-381
536.026,29,175,328
536.036,29,177,-308
536.046,29,179,338
536.056,29,176,-351
536.065,29,171,343
536.076,29,169,-174
536.085,29,164,590
536.095,29,162,-113
536.107,29,162,224
536.117,29,148,436
536.127,29,158,433
536.137,29,147,708
536.147,29,159,676
536.157,29,148,920
536.167,29,158,1105
536.177,29,147,1042
536.186,29,159,960
536.196,29,149,519
536.207,29,160,489
536.216,29,146,-309
536.228,29,159,-164
536.238,29,149,-196
536.248,29,159,-311
536.258,29,149,-358
536.268,29,158,-373
536.278,29,149,-268
536.288,29,160,-339
536.297,29,148,-294
536.307,29,159,-365
536.318,29,149,-208
536.328,29,160,-254
536.339,29,148,197
536.349,29,166,-699
536.359,29,148,59
536.369,29,168,-502
536.379,29,148,66
536.389,29,165,-482
536.399,29,148,-14
536.409,29,166,-79
536.419,29,149,109
536.428,29,167,-162
536.439,29,147,17
536.448,29,160,-75
536.458,29,149,-83
536.47,29,166,-466
536.48,29,148,272
536.49,29,165,-494
536.5,29,149,280
536.51,29,167,-485
536.52,29,150,318
536.53,29,165,-479
536.54,29,150,336
536.55,29,165,-411
536.559,29,149,342
536.57,29,169,-523
536.58,29,154,236
536.589,29,170,-406
536.601,29,153,308
536.611,29,169,-573
536.621,29,151,287
536.631,29,166,-316
536.641,29,149,448
536.651,29,167,-221
536.661,29,151,365
536.671,29,166,-263
536.68,29,151,392
536.691,29,167,-391
536.7,29,152,534
536.711,29,181,-64
536.722,29,183,817
536.732,29,188,-400
536.742,29,152,689
536.752,29,165,-553
536.762,29,150,514
536.772,29,167,-584
536.781,29,153,563
536.792,29,169,-442
536.802,29,153,504
536.812,29,170,-437
536.821,29,155,566
536.833,29,171,-351
536.844,29,156,1268
536.853,60,171,1443
536.863,60,157,1839
536.873,60,174,-668
536.883,60,158,205
536.893,60,176,-886
536.903,60,164,372
536.913,60,179,-591
536.922,60,166,561
536.932,60,184,-622
536.942,60,171,621
536.952,60,188,-489
536.964,60,173,664
536.974,60,176,-355
536.984,60,168,653
536.994,60,171,-294
537.004,60,159,855
537.014,60,164,-336
537.024,60,156,954
537.034,60,163,-96
537.043,60,155,1092
537.054,60,165,90
537.063,60,155,1224
537.075,60,162,389
537.085,60,155,1462
537.095,60,164,410
537.105,60,157,1227
537.115,60,162,-5
537.125,60,155,769
537.135,60,165,-628
537.145,60,155,328
537.154,60,163,-721
537.165,60,156,129
537.174,60,164,-783
537.184,60,157,136
537.195,60,162,-711
537.205,60,156,287
537.216,60,163,-676
537.226,60,167,258
537.236,60,164,-531
537.246,60,166,294
537.256,60,165,-682
537.266,60,156,404
537.276,60,165,-647
537.286,60,155,341
537.296,60,165,-617
537.306,60,155,448
537.315,60,163,-542
537.325,60,157,420
537.336,60,164,-612
537.347,60,168,95
537.357,60,165,-233
537.367,60,166,175
537.377,60,164,-265
537.387,60,167,182
537.397,60,164,-453
537.407,60,168,217
537.422,60,155,-532
537.431,60,173,207
537.443,60,159,-372
537.453,60,175,169
537.463,60,160,-234
537.473,60,174,262
537.483,60,155,-300
537.493,60,172,288
537.503,60,156,-367
537.513,60,170,218
537.522,60,156,-354
537.532,60,172,215
537.542,60,155,-230
537.553,60,172,223
537.564,60,158,564
537.574,60,181,-458
537.584,60,183,730
537.594,60,198,-480
537.604,60,161,653
537.614,60,169,-635
537.623,60,153,531
537.633,60,171,-525
537.644,60,159,449
537.654,60,173,-607
537.663,60,158,523
537.673,60,175,-558
537.685,60,158,566
537.695,60,168,-415
537.705,60,160,1155
537.715,60,170,606
537.725,60,161,2066
537.735,60,169,-56
537.745,60,163,193
537.754,60,181,-1048
537.764,60,168,251
537.775,60,183,-663
537.784,60,172,422
537.796,60,180,-587
537.806,60,178,549
537.816,60,184,-578
537.826,60,178,471
537.836,60,184,-486
537.846,60,173,654
537.856,55,174,-336
537.866,55,166,501
537.876,55,170,-230
537.885,55,162,969
537.895,55,167,17
537.905,55,160,1035
537.915,55,166,238
537.927,55,171,1213
537.937,55,165,520
537.947,55,159,1374
537.957,55,166,467
537.967,55,158,1342
537.977,55,166,100
537.987,55,160,769
537.996,55,167,-393
538.007,55,158,354
538.016,55,167,-669
538.026,55,160,226
538.036,55,167,-812
538.048,55,171,-147
538.058,55,166,-468
538.068,55,170,-191
538.078,55,168,-667
538.088,55,171,-79
538.098,55,166,-705
538.108,55,171,-70
538.117,55,167,-565
538.127,55,171,275
538.138,55,166,-733
538.148,55,170,377
538.158,55,166,-567
538.167,55,171,325
538.178,55,166,-550
538.189,55,171,38
538.199,55,165,-464
538.209,55,169,175
538.219,55,166,-393
538.229,55,171,64
538.239,55,165,-300
538.249,55,171,153
538.259,55,165,-268
538.269,55,172,117
538.28,55,166,-326
538.288,55,173,63
538.298,55,166,-262
538.308,55,173,87
538.318,55,169,-188
538.33,55,175,-146
538.34,55,161,-372
538.35,55,175,-15
538.36,55,159,-271
538.37,55,171,-58
538.38,55,155,-280
538.389,55,172,-59
538.399,55,165,-238
538.41,55,171,181
538.419,55,165,-210
538.431,55,171,-248
538.441,55,159,224
538.451,55,176,-38
538.461,55,181,357
538.471,55,203,10
538.481,55,169,359
538.491,55,172,-195
538.5,55,157,132
538.51,55,171,-327
538.521,55,158,199
538.53,55,172,-160
538.541,55,159,146
538.551,55,173,-133
538.562,55,161,274
538.572,55,178,-145
538.582,55,162,369
538.592,55,174,738
538.602,55,161,2014
538.612,55,176,763
538.622,55,163,55
538.631,55,180,-521
538.641,55,166,-42
538.651,55,183,-361
538.661,55,170,61
538.671,55,186,-285
538.683,55,174,402
538.693,55,195,-400
538.703,55,177,393
538.713,55,195,-345
538.723,55,174,357
538.733,55,187,-385
538.742,55,167,495
538.752,55,180,-297
538.762,55,160,733
538.773,55,177,273
538.782,55,160,867
538.793,55,178,358
538.804,55,158,1097
538.814,55,177,292
538.824,55,159,1428
538.834,55,177,431
538.844,55,158,1305
538.855,55,178,162
538.863,55,158,801
538.874,55,178,-386
538.883,55,159,423
538.893,55,177,-844
538.903,55,159,218
538.913,55,177,-791
538.925,55,163,280
538.936,55,178,-1004
538.945,55,164,269
538.955,55,177,-880
538.965,55,162,178
538.974,55,178,-926
538.984,55,163,274
538.994,55,176,-896
539.005,55,159,298
539.014,55,176,-614
539.024,55,158,327
539.034,55,176,-605
539.046,55,163,407
539.056,55,176,-698
539.066,55,163,523
539.076,55,175,-773
539.086,55,162,429
539.096,55,176,-707
539.106,55,162,503
539.115,55,176,-696
539.125,55,163,387
539.135,55,175,-684
539.147,55,162,386
539.157,55,167,-727
539.167,55,162,431
539.177,55,167,-806
539.187,55,163,386
539.196,55,175,-702
539.207,55,166,333
539.216,55,180,-739
539.226,55,166,439
539.236,55,178,-752
539.246,55,164,457
539.256,55,177,-705
539.266,55,161,431
539.278,55,165,-520
539.288,55,162,182
539.298,55,166,-510
539.308,55,163,294
539.318,55,165,-423
539.328,55,163,421
539.337,55,172,-257
539.347,55,173,732
539.357,55,199,-392
539.367,55,189,578
539.377,55,167,-538
539.389,55,162,407
539.399,55,165,-590
539.409,55,164,352
539.421,55,160,-597
539.431,55,174,459
539.441,55,160,-584
539.453,55,176,244
539.463,55,162,-502
539.473,55,178,515
539.483,55,162,7
539.493,55,179,2259
539.503,55,164,1140
539.513,55,180,346
539.523,55,166,-710
539.532,55,182,-80
539.542,55,169,-559
539.552,55,187,74
539.564,55,175,267
539.574,55,195,-593
539.584,55,180,369
539.594,55,197,-215
539.604,55,179,462
539.614,55,193,-183
539.624,55,172,525
539.633,55,185,-163
539.644,55,166,352
539.654,55,178,-69
539.663,55,162,456
539.673,55,179,127
539.684,55,161,794
539.695,55,179,229
539.705,55,160,1229
539.715,55,178,465
539.725,55,161,1307
539.735,55,177,348
539.745,55,161,1043
539.755,55,176,-145
539.765,55,160,620
539.775,55,177,-551
539.784,55,162,150
539.794,55,178,-790
539.804,55,161,264
539.814,55,178,-857
539.826,55,166,153
539.836,55,177,-938
539.846,55,161,155
539.856,55,179,-713
539.866,55,160,192
539.875,55,179,-698
539.885,55,160,184
539.895,55,179,-782
539.906,55,160,359
539.915,55,177,-634
539.925,55,159,372
539.935,55,178,-679
539.947,55,166,348
539.957,55,175,-555
539.967,55,168,305
539.977,55,177,-735
539.987,55,166,454
539.997,55,178,-777
540.006,55,166,470
540.016,55,178,-775
540.027,55,165,342
540.036,55,175,-758
540.046,55,165,296
540.057,55,177,-806
540.066,55,167,415
540.078,55,178,-682
540.088,55,166,274
540.098,55,178,-490
540.108,55,167,453
540.118,55,180,-721
540.128,55,171,537
540.137,55,180,-635
540.147,55,168,557
540.158,55,179,-573
540.167,55,165,376
540.177,55,177,-559
540.188,55,166,441
540.199,55,168,-308
540.209,0,165,499
540.219,0,167,-571
540.229,0,167,505
540.239,0,168,-595
540.249,0,173,655
540.259,0,192,-354
540.268,0,196,612
540.279,0,194,-454
540.288,0,166,541
540.298,0,176,-640
540.308,0,166,435
540.32,0,169,-467
540.33,0,168,257
540.34,0,169,-535
540.349,0,169,317
540.359,0,171,-331
540.369,0,169,219
540.379,0,171,16
540.389,0,171,1356
540.399,0,171,1474
540.411,0,182,1122
540.421,0,175,-504
540.431,0,173,33
540.441,0,175,-459
540.451,0,176,290
540.46,0,180,-435
540.47,0,179,288
540.48,0,183,-376
540.491,0,186,359
540.5,0,185,-375
540.512,0,194,118
540.522,0,183,127
540.532,0,189,59
540.542,0,175,134
540.551,0,181,266
540.562,0,169,32
540.571,0,180,253
540.581,0,168,187
540.591,0,178,529
540.601,0,169,304
540.611,0,179,1101
540.621,0,167,670
540.633,0,178,777
540.643,0,168,805
540.653,0,178,607
540.663,0,167,289
540.672,0,179,37
540.682,0,167,-125
540.692,0,177,-341
540.702,0,167,-370
540.713,0,179,-371
540.722,0,168,-336
540.734,0,180,-632
540.744,0,162,74
540.754,0,178,-591
540.764,0,161,45
540.774,0,178,-459
540.784,0,161,-304
540.794,0,178,-480
540.803,0,161,-189
540.813,0,178,-452
540.823,0,167,-351
540.833,0,178,-199
540.843,0,166,-78
540.853,0,181,-110
540.865,0,159,256
540.875,0,178,-529
540.885,0,161,167
540.895,0,177,-502
540.905,0,161,190
540.914,0,177,-537
540.924,0,161,213
540.935,0,174,-625
540.944,0,161,252
540.954,0,177,-379
540.964,0,162,246
540.974,0,179,-420
540.986,0,163,577
540.996,0,180,-516
541.006,0,161,172
541.016,0,178,-448
541.025,0,160,139
541.035,0,177,-414
541.045,0,159,197
541.055,0,176,-599
541.065,0,159,22
541.076,0,176,-370
541.087,0,158,401
541.097,0,176,-552
541.107,0,159,529
541.117,0,188,-475
541.127,0,188,654
541.136,0,194,-569
541.146,0,164,468
541.156,0,171,-660
541.166,0,156,394
541.176,0,174,-729
541.188,0,160,381
541.198,0,176,-629
541.208,0,161,380
541.218,0,177,-744
541.228,0,162,532
541.237,0,178,-698
541.247,0,161,1113
541.258,0,178,987
541.267,0,163,1817
541.278,0,179,-454
541.289,0,173,-6
541.299,0,182,-864
541.309,0,176,172
541.319,0,185,-756
541.329,0,178,350
541.338,0,191,-687
541.348,0,184,406
541.358,0,194,-602
541.368,0,187,508
541.378,0,191,-696
541.388,0,179,449
541.398,0,186,-456
541.408,0,166,632
541.422,0,166,-332
541.432,0,169,697
541.444,0,166,-234
541.454,0,177,898
541.464,0,167,60
541.474,0,177,1266
541.484,0,165,272
541.494,0,178,1324
541.503,0,165,319
541.513,0,177,1120
541.523,0,165,-32
541.533,0,178,712
541.543,0,165,-646
541.553,0,179,19
541.563,0,166,-378
541.573,0,178,-454
541.585,0,159,-338
541.595,45,178,-435
541.605,45,161,-371
541.615,45,177,-348
541.624,45,166,-259
541.635,45,176,-329
541.644,45,165,-255
541.654,45,176,-351
541.664,45,164,-51
541.674,45,177,-311
541.686,45,160,273
541.696,45,177,-587
541.706,45,158,226
541.716,45,177,-586
541.725,45,160,238
541.735,45,176,-550
541.746,45,159,215
541.755,45,178,-415
541.765,45,158,170
541.776,45,177,-450
541.785,45,159,226
541.797,45,177,-562
541.807,45,159,176
541.817,45,178,-503
541.826,45,159,235
541.837,45,179,-647
541.846,45,161,247
541.856,45,177,-599
541.866,45,160,235
541.876,45,179,-560
541.886,45,163,399
541.896,45,181,-670
541.908,45,162,424
541.918,45,177,-672
541.928,45,160,461
541.938,45,175,-677
541.947,45,160,530
541.957,45,176,-693
541.967,45,159,627
541.977,45,174,-497
541.987,45,159,446
541.997,45,175,-449
542.007,45,164,390
542.018,45,186,-287
542.03,45,191,775
542.039,45,196,-493
542.049,45,164,665
542.059,45,174,-657
542.068,45,159,451
542.078,45,176,-692
542.088,45,162,517
542.098,45,175,-681
542.108,45,162,400
542.118,45,177,-676
542.128,45,162,440
542.138,45,178,-365
542.15,45,171,1089
542.16,45,179,1295
542.17,45,173,2000
542.18,45,181,-590
542.19,45,175,261
542.2,45,182,-787
542.209,45,170,282
542.22,45,187,-573
542.23,45,173,438
542.239,45,192,-608
542.249,45,177,532
542.259,45,194,-597
542.269,45,178,599
542.281,45,192,-436
542.291,45,181,537
542.301,45,185,-211
542.311,45,174,661
542.321,45,178,-261
542.331,45,171,689
542.34,45,175,-121
542.35,45,171,974
542.361,45,176,1
542.37,45,168,1191
542.38,45,176,149
542.39,45,169,1525
542.4,45,176,126
542.412,45,168,1114
542.422,45,175,-80
542.432,45,169,655
542.442,45,176,-646
542.451,45,170,184
542.461,45,175,-863
542.471,45,170,32
542.481,45,177,-845
542.491,45,169,156
542.501,45,177,-814
542.511,45,169,204
542.521,45,175,-869
542.531,45,170,258
542.543,45,164,-499
542.553,127,171,54
542.563,127,164,-423
542.573,127,170,143
542.583,127,164,-762
542.592,127,170,120
542.602,127,164,-626
542.612,127,170,292
542.622,127,164,-656
542.632,127,170,358
542.642,127,164,-640
542.652,127,170,267
542.662,127,174,-620
542.672,127,170,336
542.684,127,163,-249
542.694,127,170,-65
542.703,127,165,-306
542.714,127,170,2
542.723,127,162,-304
542.733,127,169,-45
542.743,127,164,-244
542.753,127,171,-23
542.763,127,164,-234
542.773,127,169,-48
542.783,127,168,-205
542.793,127,173,147
542.803,127,167,-195
542.815,127,181,-22
542.825,127,166,-82
542.835,127,180,177
542.844,127,166,-269
542.855,127,169,33
542.864,127,162,-305
542.874,127,169,81
542.884,127,163,-143
542.894,127,171,97
542.904,127,164,-258
542.914,127,171,236
542.924,127,172,-5
542.934,127,194,295
542.946,127,190,334
542.956,127,182,-165
542.966,127,163,149
542.975,127,176,-186
542.985,127,164,-59
542.996,127,179,-378
543.005,127,164,-38
543.015,127,179,-320
543.026,127,165,76
543.035,127,180,101
543.047,127,167,234
543.057,127,183,287
543.067,127,166,1725
543.077,127,183,1425
543.086,127,170,667
543.096,127,187,-461
543.106,127,171,-184
543.116,127,188,-429
543.126,127,174,82
543.137,127,193,-392
543.146,127,179,145
543.157,127,196,-326
543.166,127,184,233
543.176,127,198,-215
543.188,127,181,582
543.198,127,194,-444
543.208,127,171,613
543.218,127,187,-149
543.227,127,164,377
543.238,127,182,-115
543.247,127,165,538
543.257,127,180,74
543.267,127,161,747
543.277,127,181,508
543.287,127,162,964
543.297,127,179,758
543.307,127,164,1038
543.318,127,178,586
543.329,127,163,1045
543.339,127,179,-300
543.349,127,162,565
543.359,127,179,-739
543.368,127,162,268
543.378,127,180,-791
543.388,122,163,142
543.398,122,181,-945
543.408,122,162,215
543.418,122,181,-916
543.429,122,162,-553
543.439,122,181,-225
543.451,122,162,-36
543.461,122,175,-505
543.471,122,160,6
543.48,122,175,-478
543.491,122,161,-169
543.5,122,176,-500
543.51,122,161,-87
543.52,122,175,-500
543.53,122,159,38
543.541,122,175,-579
543.55,122,161,-44
543.56,122,175,-697
543.572,122,162,508
543.582,122,173,-632
543.591,122,161,450
543.601,122,174,-782
543.611,122,162,500
543.622,122,174,-764
543.631,122,163,523
543.641,122,173,-733
543.651,122,161,433
543.661,122,174,-881
543.672,122,161,551
543.681,122,175,-776
543.692,122,161,493
543.701,122,175,-632
543.713,122,177,203
543.723,122,179,-663
543.733,122,175,272
543.742,122,176,-596
543.753,122,171,254
543.762,122,175,-542
543.772,122,170,506
543.782,122,173,-674
543.792,122,172,464
543.802,122,173,-656
543.812,122,172,546
543.822,122,173,-600
543.834,122,174,358
543.844,122,179,-227
543.854,122,196,653
543.864,122,203,-331
543.873,122,182,476
543.883,122,174,-337
543.893,122,168,403
543.903,122,172,-505
543.913,122,173,222
543.923,122,175,-346
543.933,122,174,268
543.943,122,174,-413
543.953,122,174,229
543.963,122,176,-471
543.973,122,174,602
543.985,122,166,508
543.995,122,175,1976
544.005,122,167,521
544.014,122,178,61
544.024,122,180,-867
544.034,122,182,32
544.045,122,183,-558
544.055,122,184,261
544.064,122,187,-431
544.074,122,188,219
544.084,122,190,-405
544.094,122,192,368
544.106,122,182,-124
544.116,122,188,136
544.125,122,174,23
544.135,122,180,56
544.145,122,168,210
544.155,122,176,411
544.165,122,164,374
544.175,122,174,572
544.185,122,162,505
544.195,122,175,803
544.205,122,163,733
544.215,122,173,927
544.225,122,163,463
544.237,122,172,766
544.247,122,163,513
544.257,122,172,374
544.266,122,163,7
544.276,122,175,-123
544.286,122,164,-264
544.297,122,174,-355
544.307,122,164,-377
544.316,122,175,-389
544.326,122,163,-286
544.336,122,172,-422
544.346,122,163,-386
544.358,122,180,-674
544.368,122,164,-159
544.378,122,179,-644
544.387,122,164,-150
544.397,122,180,-630
544.407,122,164,63
544.417,122,179,-145
544.427,122,164,-16
544.438,122,180,-271
544.447,122,164,34
544.457,122,174,-197
544.467,122,162,-342
544.479,122,182,-484
544.489,122,162,184
544.498,122,181,-438
544.508,122,163,217
544.518,122,180,-439
544.528,122,162,242
544.539,122,181,-444
544.548,122,164,172
544.559,122,179,-429
544.568,122,162,256
544.578,122,181,-425
544.588,122,166,140
544.598,122,184,-513
544.61,122,167,254
544.62,122,182,-631
544.629,122,161,328
544.64,122,180,-548
544.649,122,160,249
544.659,122,179,-409
544.669,122,161,297
544.679,122,178,-258
544.689,122,163,138
544.699,122,179,-475
544.709,0,163,485
544.719,0,187,-207
544.73,0,182,532
544.741,0,203,-418
544.751,0,165,607
544.76,0,176,-678
544.77,0,160,465
544.78,0,179,-791
544.79,0,163,432
544.8,0,181,-695
544.81,0,163,387
544.82,0,181,-530
544.83,0,163,481
544.84,0,184,-548
544.852,0,166,849
544.862,0,181,697
544.872,0,167,1850
544.882,0,186,-228
544.892,0,167,121
544.901,0,185,-1018
544.911,0,173,291
544.922,0,189,-738
544.931,0,177,477
544.941,0,193,-644
544.951,0,181,506
544.962,0,198,-670
544.971,0,182,664
544.983,0,188,-517
544.992,0,177,500
545.002,0,180,-431
545.012,0,172,861
545.022,0,174,-456
545.032,0,166,783
545.042,0,176,-261
545.052,0,163,992
545.062,0,173,-31
545.072,0,163,1110
545.082,0,179,248
545.094,0,164,1389
545.104,0,172,274
545.113,0,165,1188
545.123,0,173,-110
545.133,0,166,655
545.143,0,172,-492
545.153,0,163,186
545.163,0,174,-805
545.173,0,164,157
545.183,0,172,-935
545.193,0,165,11
545.205,0,173,-866
545.215,0,176,124
545.224,0,173,-777
545.234,0,176,157
545.245,0,172,-658
545.254,0,165,248
545.265,0,172,-615
545.274,0,165,258
545.284,0,172,-787
545.294,0,165,353
545.304,0,171,-714
545.314,0,165,337
545.326,0,171,-371
545.336,0,176,81
545.346,0,170,-362
545.356,0,177,111
545.365,0,171,-236
545.376,0,174,35
545.385,0,170,-489
545.396,0,176,53
545.405,0,172,-482
545.415,0,175,39
545.426,0,171,-621
545.436,0,176,450
545.448,0,161,-573
545.458,0,176,479
545.468,0,165,-594
545.478,0,178,499
545.488,0,164,-719
545.498,0,177,408
545.508,0,161,-733
545.517,0,176,388
545.527,0,156,-631
545.537,0,175,468
545.547,0,159,-559
545.557,0,174,380
545.568,0,161,137
545.578,0,176,-250
545.588,0,167,72
545.598,0,184,-1
545.608,0,190,193
545.618,0,206,20
545.628,0,172,143
545.638,0,172,-239
545.648,0,161,84
545.658,0,176,-435
545.669,0,161,297
545.68,0,180,-678
545.689,0,164,133
545.7,0,183,73
545.709,0,164,318
545.719,0,185,-218
545.729,0,164,783
545.739,0,185,1065
545.749,0,164,1887
545.759,0,183,456
545.769,0,169,-335
545.779,0,186,-196
545.79,0,170,316
545.8,0,191,-715
545.811,0,172,587
545.821,0,192,-508
545.83,0,178,439
545.84,0,195,-517
545.85,0,178,698
545.86,0,196,-496
545.871,0,173,752
545.88,0,190,-546
545.89,0,165,608
545.901,0,180,-321
545.912,0,166,811
545.922,0,178,-124
545.932,0,161,947
545.941,0,176,-14
545.951,0,162,1049
545.961,0,178,219
545.971,0,157,1156
545.981,0,176,139
545.991,0,156,1227
546.001,0,175,-202
546.011,0,156,865
546.021,0,177,-736
546.033,0,163,195
546.042,0,175,-927
546.052,0,162,60
546.062,0,176,-1032
546.072,0,162,0
546.082,0,177,-859
546.092,0,163,132
546.102,0,173,-1195
546.112,0,160,46
546.122,0,178,-1196
546.133,0,161,48
546.143,0,175,-1087
546.153,0,162,223
546.163,0,173,-1079
546.173,0,163,156
546.183,0,174,-948
546.194,0,161,275
546.203,0,171,-948
546.213,0,163,409
546.223,0,175,-769
546.233,0,162,224
546.245,0,165,-802
546.254,0,162,469
546.264,0,166,-718
546.274,0,161,273
546.284,0,164,-739
546.294,0,161,172
546.304,0,165,-624
546.314,0,164,262
546.324,0,177,-877
546.334,0,165,133
546.345,0,179,-685
546.355,0,166,378
546.364,0,178,-783
546.376,0,164,251
546.385,0,162,-613
546.395,0,163,358
546.405,0,167,-687
546.415,0,162,176
546.425,0,165,-582
546.435,0,161,280
546.446,0,165,-373
546.455,0,164,531
546.465,0,170,-343
546.475,0,173,660
546.487,0,199,-189
546.496,0,190,459
546.507,0,167,-442
546.516,0,161,310
546.526,0,161,-498
546.536,0,162,321
546.546,0,167,-530
546.556,0,165,427
546.566,0,167,-560
546.576,0,164,338
546.588,0,169,-2
546.597,0,180,279
546.607,0,167,692
546.617,0,181,1993
546.627,0,169,1233
546.637,0,182,-25
546.647,0,171,-616
546.657,34,189,-457
546.667,34,178,-522
546.677,34,191,441
546.687,34,181,-375
546.698,34,194,35
546.708,34,186,-189
546.718,34,197,117
546.728,34,186,82
546.739,34,196,-11
546.748,34,180,208
546.759,34,186,119
546.768,34,174,42
546.778,34,182,255
546.788,34,168,389
546.798,34,181,659
546.808,34,167,565
546.819,34,181,527
546.829,34,161,1226
546.839,34,177,773
546.849,34,159,853
546.859,34,180,715
546.869,34,159,779
546.879,34,181,277
546.889,34,159,293
546.899,34,179,115
546.909,34,168,-205
546.919,34,178,-253
546.929,34,167,-262
546.94,34,178,-740
546.95,34,160,202
546.96,34,179,-602
546.97,34,161,-18
546.98,34,175,-505
546.99,34,161,194
547,34,178,-684
547.01,34,159,263
547.02,34,176,-616
547.03,34,156,190
547.042,34,177,-487
547.051,34,158,249
547.062,34,175,-561
547.071,34,159,267
547.081,34,177,-521
547.092,34,159,177
547.101,34,176,-522
547.111,34,158,-14
547.121,34,176,-553
547.131,34,157,168
547.141,34,176,-621
547.151,34,155,98
547.161,34,177,-831
547.172,34,158,392
547.182,34,177,-828
547.193,34,158,421
547.202,34,180,-738
547.212,34,159,395
547.222,34,178,-730
547.232,34,156,370
547.243,34,177,-775
547.252,34,158,343
547.262,34,174,-544
547.272,34,156,324
547.282,34,175,-530
547.294,34,155,482
547.303,34,175,-702
547.313,34,156,651
547.324,34,177,-687
547.333,34,163,790
547.344,34,198,-638
547.353,34,187,718
547.363,34,187,-864
547.373,34,154,524
547.383,34,173,-761
547.394,34,155,428
547.403,34,176,-833
547.413,34,158,484
547.428,34,165,-854
547.437,34,164,375
547.449,34,164,-838
547.458,34,178,535
547.469,34,166,-339
547.478,34,181,1389
547.488,34,167,1079
547.498,34,182,1401
547.508,34,169,-894
547.519,34,180,101
547.528,34,172,-861
547.538,34,176,343
547.548,34,176,-713
547.558,34,182,309
547.568,34,181,-529
547.578,34,182,350
547.589,34,182,82
547.599,34,194,3
547.609,34,175,159
547.619,34,184,-1
547.629,34,169,162
547.639,34,180,91
547.649,34,166,394
547.659,34,175,204
547.669,34,163,369
547.679,34,175,462
547.689,34,162,696
547.7,34,178,618
547.711,34,163,777
547.72,34,175,809
547.73,34,163,653
547.74,34,177,338
547.75,34,161,222
547.76,34,178,-142
547.77,34,163,-136
547.78,34,178,-328
547.79,34,162,-327
547.8,34,176,-483
547.81,34,161,-389
547.821,34,174,-926
547.831,34,157,181
547.841,34,174,-687
547.851,34,157,37
547.862,34,176,-611
547.871,34,154,211
547.881,34,176,-689
547.891,34,156,-272
547.901,34,175,-494
547.911,34,154,-176
547.921,34,176,-539
547.932,34,156,194
547.943,34,173,-795
547.952,34,156,97
547.962,34,174,-739
547.973,34,154,161
547.982,34,174,-693
547.992,34,155,319
548.002,34,174,-756
548.012,34,153,327
548.022,34,174,-600
548.032,34,160,274
548.044,34,172,-908
548.053,34,156,514
548.063,34,172,-789
548.073,34,154,304
548.083,34,172,-608
548.093,34,152,377
548.103,34,170,-658
548.113,34,151,190
548.123,34,173,-601
548.133,34,154,218
548.143,34,171,-592
548.153,34,154,264
548.165,34,178,-465
548.174,34,170,492
548.184,34,197,-758
548.194,34,167,490
548.204,34,168,-864
548.214,34,149,413
548.224,34,171,-911
548.234,34,153,394
548.244,34,171,-918
548.254,34,156,486
548.264,34,171,-770
548.275,34,154,339
548.286,34,174,-739
548.295,34,166,723
548.305,34,174,209
548.315,34,155,2350
548.325,34,176,187
548.335,34,159,247
548.345,34,177,-1155
548.355,34,159,376
548.365,34,180,-861
548.375,34,168,531
548.385,34,185,-690
548.395,34,171,543
548.406,34,189,-854
548.415,34,171,557
548.426,34,187,-585
548.437,34,178,564
548.446,34,181,-725
548.456,34,170,674
548.466,34,177,-492
548.476,34,164,715
548.486,34,173,-535
548.496,34,165,1005
548.506,34,170,53
548.516,34,165,1183
548.526,34,169,160
548.536,34,162,1350
548.546,34,171,152
548.556,34,154,1384
548.567,34,171,-109
548.578,34,165,797
548.588,34,168,-633
548.597,34,163,529
548.607,34,170,-925
548.617,34,164,294
548.627,34,169,-906
548.638,34,163,165
548.647,34,171,-788
548.657,29,165,78
548.667,29,169,-853
548.677,29,164,200
548.687,29,170,-897
548.697,29,164,243
548.708,29,156,-733
548.718,29,162,10
548.728,29,159,-816
548.738,29,163,187
548.748,29,155,-689
548.758,29,166,213
548.768,29,169,-726
548.778,29,163,348
548.788,29,170,-700
548.798,29,165,271
548.808,29,168,-701
548.818,29,162,350
548.828,29,170,-733
548.838,29,161,396
548.849,29,156,-405
548.859,29,164,-51
548.869,29,159,-322
548.879,29,165,-158
548.889,29,156,-109
548.899,29,165,175
548.909,29,158,-320
548.919,29,164,291
548.929,29,159,-174
548.939,29,166,139
548.949,29,162,-289
548.959,29,166,336
548.969,29,162,-665
548.979,29,165,300
548.989,29,157,-627
549,29,163,129
549.01,29,158,-148
549.02,29,164,74
549.03,29,158,-177
549.04,29,163,206
549.05,29,156,-219
549.06,29,164,225
549.07,29,166,-102
549.08,29,184,415
549.09,29,186,-99
549.1,29,179,266
549.11,29,153,-179
549.12,29,164,38
549.13,29,157,-269
549.141,29,173,-263
549.151,29,157,0
549.161,29,173,-309
549.171,29,158,-70
549.181,29,177,96
549.191,29,159,-47
549.201,29,176,457
549.211,29,160,1157
549.221,29,179,2193
549.231,29,163,657
549.241,29,167,-33
549.251,29,164,-480
549.262,29,184,-447
549.273,29,167,37
549.282,29,186,-442
549.292,29,175,107
549.302,29,191,-364
549.313,29,175,212
549.322,29,193,-305
549.332,29,175,295
549.342,29,189,-233
549.352,29,171,277
549.363,29,183,-59
549.373,29,160,192
549.383,29,176,-143
549.393,29,158,548
549.403,29,177,48
549.413,29,157,716
549.423,29,175,677
549.434,29,156,731
549.445,29,172,976
549.456,29,154,945
549.465,29,177,862
549.476,29,155,727
549.485,29,178,487
549.495,29,158,-43
549.505,29,179,86
549.515,29,158,-478
549.525,29,177,-170
549.535,29,160,-409
549.545,29,177,-174
549.555,29,160,-471
549.566,29,172,-877
549.577,29,158,233
549.586,29,173,-973
549.596,29,158,505
549.606,131,174,-923
549.616,131,156,565
549.626,131,171,-761
549.636,131,159,620
549.646,131,170,-706
549.656,131,157,519
549.666,131,171,-570
549.676,131,160,536
549.686,131,170,-541
549.698,131,159,618
549.707,131,170,-671
549.717,131,160,588
549.728,131,171,-660
549.737,131,158,470
549.748,131,172,-820
549.757,131,157,650
549.767,131,169,-703
549.777,131,156,417
549.787,131,173,-824
549.797,131,158,513
549.807,131,168,-552
549.818,131,168,236
549.828,131,170,-537
549.838,131,169,490
549.848,131,170,-506
549.858,131,167,488
549.868,131,169,-644
549.878,131,167,504
549.888,131,172,-643
549.898,131,160,595
549.908,131,174,-717
549.918,131,160,533
549.929,131,170,-602
549.938,131,156,489
549.948,131,169,-683
549.959,131,166,385
549.969,131,168,-401
549.979,131,167,293
549.989,131,168,-352
549.999,131,167,256
550.009,131,169,-362
550.019,131,173,397
550.029,131,184,-440
550.039,131,201,552
550.049,131,190,-453
550.059,131,168,281
550.069,131,164,-733
550.08,131,167,241
550.09,131,168,-506
550.1,131,170,201
550.111,131,167,-493
550.12,131,170,219
550.13,131,169,-542
550.14,131,171,280
550.15,131,173,-303
550.16,131,169,1109
550.17,131,174,1552
550.18,131,171,1685
550.19,131,172,-476
550.2,131,173,-105
550.211,131,168,-278
550.221,131,178,-114
550.231,131,171,-61
550.241,131,182,-143
550.251,131,176,-34
550.261,131,187,30
550.271,131,178,-345
550.281,131,188,351
550.291,131,174,-458
550.301,131,180,416
550.311,131,167,-272
550.321,131,173,246
550.332,131,163,115
550.342,131,171,380
550.352,131,160,396
550.363,131,170,628
550.372,131,162,557
550.382,131,170,814
550.392,131,160,832
550.402,131,169,843
550.413,125,160,848
550.422,125,169,606
550.432,125,159,285
550.442,125,168,188
550.452,125,159,-138
550.463,125,178,50
550.473,125,162,-145
550.483,125,176,-340
550.493,125,162,-197
550.504,125,177,-220
550.513,125,160,-347
550.524,125,173,-357
550.533,125,160,-410
550.544,125,171,-320
550.553,125,161,-368
550.563,125,172,-179
550.573,125,161,-371
550.583,125,170,-192
550.595,125,161,335
550.604,125,179,-433
550.614,125,161,175
550.624,125,178,-427
550.634,125,162,185
550.644,125,179,-550
550.654,125,161,235
550.664,125,177,-478
550.674,125,163,134
550.684,125,176,-429
550.694,125,161,174
550.704,125,178,-480
550.714,125,161,31
550.725,125,179,-310
550.735,125,160,320
550.745,125,178,-293
550.755,125,161,235
550.765,125,180,-308
550.775,125,161,447
550.785,125,178,-359
550.796,125,160,365
550.805,125,178,-257
550.815,125,163,265
550.825,125,178,-391
550.835,125,161,287
550.845,125,181,-394
550.855,125,164,306
550.866,125,183,-624
550.876,125,162,503
550.886,125,179,-555
550.896,125,160,644
550.906,125,178,-542
550.916,125,161,243
550.926,125,178,-572
550.936,125,160,337
550.946,125,179,-364
550.956,125,160,295
550.966,125,182,-313
550.976,125,169,635
550.987,125,205,-455
550.997,125,185,810
551.007,125,190,-475
551.017,125,160,595
551.028,125,177,-619
551.037,125,162,529
551.047,125,183,-598
551.057,125,163,497
551.067,125,182,-584
551.077,0,164,567
551.087,0,183,-619
551.097,0,165,738
551.107,0,182,-18
551.118,0,167,2214
551.129,0,178,1216
551.139,0,167,1128
551.148,0,187,-767
551.158,0,170,157
551.168,0,188,-826
551.178,0,174,539
551.188,0,192,-579
551.198,0,180,547
551.208,0,197,-525
551.219,0,182,620
551.229,0,194,-569
551.239,0,181,561
551.249,0,188,-381
551.259,0,175,625
551.269,0,179,-377
551.279,0,168,930
551.289,0,176,-235
551.299,0,166,962
551.309,0,174,-3
551.32,0,166,1130
551.33,0,174,327
551.34,0,164,1367
551.35,0,176,377
551.36,0,164,1448
551.37,0,175,210
551.38,0,164,1125
551.39,0,176,-221
551.4,0,165,533
551.41,0,175,-741
551.42,0,165,277
551.431,0,177,-483
551.442,0,173,-52
551.452,0,176,-895
551.462,0,176,377
551.473,0,175,-887
551.482,0,174,224
551.492,0,177,-711
551.502,0,177,278
551.512,0,174,-788
551.522,0,175,405
551.532,0,177,-700
551.542,0,177,324
551.552,0,174,-668
551.562,0,175,341
551.572,0,175,-608
551.583,0,176,56
551.593,0,165,-453
551.604,0,178,13
551.613,0,162,-508
551.623,0,177,195
551.634,0,165,-399
551.643,0,175,-1
551.653,0,175,-347
551.663,0,175,320
551.673,0,176,-430
551.683,0,175,142
551.695,0,163,-113
551.704,0,175,-143
551.714,0,167,-49
551.724,0,179,-135
551.734,0,167,74
551.744,0,178,-225
551.754,0,167,36
551.764,0,177,-156
551.774,0,162,-33
551.784,0,176,63
551.794,0,163,-48
551.804,0,176,130
551.814,0,164,-9
551.826,0,181,-129
551.835,0,167,-140
551.846,0,178,-36
551.855,0,173,148
551.865,0,200,65
551.875,0,185,97
551.885,0,185,11
551.895,0,164,36
551.905,0,175,-207
551.915,0,165,-45
551.925,0,177,-184
551.935,0,165,-24
551.946,0,185,-456
551.957,0,165,186
551.966,0,184,-289
551.976,0,168,341
551.987,0,183,53
551.996,0,168,1719
552.006,0,185,867
552.016,0,168,656
552.026,0,190,-263
552.036,0,171,-27
552.046,0,188,-299
552.056,0,176,73
552.067,0,195,-493
552.077,0,179,353
552.087,0,200,-467
552.097,0,182,405
552.107,0,201,-295
552.117,0,184,227
552.127,0,194,-350
552.137,0,175,470
552.147,0,188,-333
552.157,0,167,697
552.167,0,184,-153
552.178,0,168,795
552.188,0,183,29
552.198,0,167,873
552.208,0,183,166
552.218,0,166,1203
552.228,0,183,308
552.238,0,165,1182
552.248,0,184,530
552.258,0,166,893
552.268,0,184,-80
552.278,0,165,406
552.289,0,182,-861
552.299,0,167,296
552.309,0,185,-760
552.319,0,167,280
552.329,0,182,-841
552.339,0,168,259
552.349,0,183,-917
552.359,0,168,292
552.369,0,183,-847
552.379,0,167,342
552.39,0,177,-775
552.401,0,167,419
552.41,0,183,-804
552.42,0,166,224
552.43,0,182,-836
552.44,0,167,415
552.451,0,183,-700
552.46,0,169,311
552.47,0,182,-732
552.48,0,167,405
552.491,0,177,-586
552.501,0,164,311
552.511,0,176,-630
552.522,0,167,223
552.531,0,175,-600
552.541,0,167,459
552.551,0,174,-648
552.561,0,169,424
552.571,0,178,-724
552.581,0,164,510
552.591,0,177,-638
552.601,0,167,436
552.611,0,179,-558
552.622,0,167,484
552.632,0,180,-748
552.642,0,166,556
552.653,0,178,-569
552.662,0,170,458
552.672,0,180,-617
552.682,0,170,479
552.692,0,180,-510
552.702,0,169,558
552.712,0,175,-724
552.723,0,177,301
552.733,0,176,-430
552.744,0,177,383
552.753,0,177,-487
552.763,0,179,633
552.773,0,176,-551
552.783,0,180,495
552.793,0,184,-310
552.803,0,182,778
552.813,0,209,-348
552.823,0,185,709
552.833,0,178,-402
552.843,0,164,471
552.854,0,176,-286
552.864,0,180,241
552.874,0,176,-281
552.884,0,179,232
552.894,0,178,-194
552.904,0,182,212
552.914,0,180,-214
552.924,0,181,643
552.934,0,180,448
552.944,0,182,2238
552.954,0,182,519
552.964,0,183,160
552.974,0,184,-907
552.985,0,188,86
552.995,0,186,-482
553.005,0,190,95
553.015,0,193,-377
553.025,0,194,228
553.035,0,194,-342
553.046,0,199,348
553.055,0,196,-301
553.065,0,195,342
553.075,0,191,-161
553.086,0,189,30
553.096,0,171,170
553.107,0,183,84
553.117,0,168,443
553.127,0,180,439
553.136,0,172,541
553.146,0,178,873
553.156,0,167,775
553.166,0,181,897
553.176,0,169,512
553.188,0,180,737
553.197,0,167,619
553.207,0,181,340
553.217,0,168,221
553.227,0,180,-111
553.237,0,167,-164
553.247,0,183,-448
553.257,0,169,-357
553.267,0,182,-208
553.277,0,169,-447
553.287,0,180,-326
553.297,0,168,-189
553.308,0,188,-639
553.318,0,169,-18
553.328,131,187,-261
553.338,131,167,36
553.348,131,187,-149
553.358,131,168,-31
553.368,131,188,-218
553.378,131,167,-43
553.388,131,179,-184
553.398,131,168,-112
553.408,131,178,-196
553.418,131,167,-157
553.432,131,185,-231
553.442,131,169,-76
553.452,131,184,-160
553.463,131,168,189
553.473,131,179,-624
553.483,131,168,339
553.493,131,176,-529
553.503,131,169,281
553.513,131,179,-587
553.523,131,166,93
553.533,131,177,-531
553.543,131,168,12
553.553,131,177,-559
553.563,131,167,215
553.573,131,177,-559
553.583,131,166,432
553.595,131,178,-589
553.605,131,168,455
553.614,131,177,-622
553.624,131,167,431
553.634,131,181,-584
553.644,131,171,557
553.654,131,179,-738
553.664,131,171,485
553.674,131,181,-653
553.684,131,166,513
553.694,131,178,-731
553.705,131,179,222
553.715,131,179,-382
553.726,131,179,233
553.736,131,178,-512
553.745,131,178,187
553.755,131,178,-582
553.765,131,186,432
553.775,131,193,-370
553.785,131,214,751
553.795,131,199,-380
553.805,131,179,765
553.815,131,176,-704
553.825,131,178,470
553.835,131,180,-597
553.845,131,168,481
553.856,131,180,-427
553.866,131,183,276
553.876,131,180,-366
553.886,131,185,305
553.896,131,181,-95
553.906,131,183,1107
553.916,131,183,1839
553.926,131,185,1509
553.936,131,183,-308
553.946,131,186,-59
553.956,131,186,-631
553.966,131,189,181
553.978,131,181,-556
553.987,131,193,106
553.997,131,184,-432
554.007,131,198,147
554.017,131,189,-349
554.027,131,201,211
554.037,131,197,-318
554.047,131,192,459
554.057,131,189,-255
554.067,131,188,434
554.077,131,182,-199
554.087,131,185,580
554.097,131,181,86
554.108,131,182,577
554.118,131,168,649
554.128,131,181,673
554.138,131,166,889
554.148,131,182,937
554.158,131,169,1028
554.168,129,182,807
554.178,129,170,390
554.188,129,182,288
554.198,129,167,114
554.208,129,182,-133
554.218,129,170,-544
554.228,129,182,-120
554.238,129,169,-670
554.249,129,182,-285
554.26,129,169,-327
554.269,129,183,-362
554.279,129,170,-237
554.289,129,181,-414
554.299,129,167,-170
554.309,129,180,-258
554.319,129,169,-170
554.329,129,181,-395
554.339,129,168,-157
554.349,129,181,-235
554.359,129,170,-100
554.369,129,181,-369
554.38,129,169,132
554.39,129,190,-630
554.4,129,166,175
554.41,129,189,-107
554.42,129,168,31
554.43,129,189,-305
554.44,129,168,-51
554.45,129,187,-98
554.46,129,170,-170
554.47,129,181,-176
554.479,129,170,-148
554.492,129,188,-446
554.501,129,168,277
554.511,129,188,-525
554.521,129,169,426
554.531,129,189,-717
554.541,129,169,323
554.551,129,189,-575
554.561,129,171,451
554.571,129,190,-551
554.581,129,168,248
554.591,129,190,-438
554.602,129,173,206
554.611,129,192,-412
554.621,129,170,333
554.631,129,192,-540
554.643,129,169,335
554.653,129,191,-377
554.662,129,169,289
554.672,129,189,-341
554.682,129,170,358
554.692,129,188,-221
554.702,129,169,329
554.712,129,186,-485
554.722,129,173,421
554.732,129,200,-190
554.742,129,197,613
554.754,129,210,-606
554.763,129,172,796
554.774,129,187,-757
554.783,129,171,741
554.793,129,189,-808
554.803,129,169,594
554.813,129,191,-567
554.823,129,170,535
554.833,129,190,-627
554.843,129,173,449
554.853,129,191,-373
554.863,129,171,806
554.873,129,191,1146
554.883,129,174,1860
554.893,129,193,-387
554.905,129,177,363
554.914,129,194,-1128
554.924,129,179,478
554.934,129,200,-974
554.944,129,183,632
554.954,129,205,-874
554.964,129,188,595
554.974,129,208,-629
554.984,129,189,702
554.994,129,207,-639
555.005,129,185,688
555.014,129,198,-507
555.024,129,178,751
555.035,129,183,-284
555.046,129,173,831
555.055,129,183,-216
555.065,129,172,1216
555.075,129,182,-180
555.085,129,171,1453
555.096,129,179,135
555.105,129,172,1445
555.115,129,188,168
555.125,129,172,1339
555.135,129,189,-56
555.145,129,174,778
555.155,129,189,-728
555.166,129,172,232
555.176,129,183,-914
555.186,129,172,325
555.196,129,182,-974
555.207,53,173,180
555.216,53,180,-887
555.226,53,173,137
555.236,53,181,-809
555.246,53,173,283
555.256,53,181,-795
555.266,53,172,351
555.276,53,182,-637
555.287,53,183,296
555.297,53,181,-761
555.307,53,173,455
555.317,53,183,-703
555.327,53,174,365
555.337,53,177,-621
555.347,53,173,341
555.357,53,181,-665
555.367,53,173,515
555.377,53,180,-641
555.387,53,173,389
555.398,53,180,-342
555.408,53,185,204
555.418,53,182,-411
555.428,53,185,100
555.438,53,181,-565
555.448,53,184,390
555.458,53,182,-436
555.468,53,185,454
555.478,53,185,-620
555.488,53,187,460
555.498,53,184,-535
555.508,53,185,396
555.518,53,183,-544
555.529,53,184,506
555.539,53,182,-553
555.549,53,184,479
555.559,53,181,-644
555.569,53,183,273
555.579,53,180,-380
555.589,53,184,337
555.599,53,181,-355
555.609,53,190,516
555.619,53,199,-71
555.629,53,206,375
555.639,53,195,-106
555.648,53,181,314
555.661,53,168,86
555.67,53,180,109
555.68,53,170,-517
555.69,53,185,64
555.7,53,174,-424
555.71,53,185,37
555.72,53,171,-357
555.73,53,186,260
555.74,53,183,-18
555.75,53,191,1222
555.76,53,184,1329
555.769,53,189,1033
555.781,53,174,-222
555.792,53,191,-596
555.801,53,180,-344
555.811,53,196,-334
555.821,53,182,39
555.831,53,200,-110
555.841,53,186,22
555.851,53,201,-180
555.861,53,191,137
555.871,53,204,46
555.88,53,186,418
555.892,53,199,-32
555.902,53,178,162
555.912,53,187,46
555.922,53,174,284
555.932,53,187,204
555.942,53,173,623
555.952,53,184,341
555.962,53,172,821
555.972,53,184,596
555.982,53,174,833
555.992,53,184,820
556.002,53,170,998
556.012,53,185,446
556.021,53,169,444
556.033,53,191,-451
556.043,53,171,47
556.053,53,190,-692
556.063,53,173,97
556.073,53,188,-716
556.083,53,170,-90
556.093,68,189,-763
556.103,68,171,-43
556.113,68,192,-226
556.123,68,171,-73
556.133,68,191,-470
556.143,68,173,30
556.152,68,189,-374
556.164,68,171,305
556.174,68,189,-636
556.184,68,170,173
556.194,68,189,-527
556.204,68,170,239
556.214,68,189,-742
556.224,68,171,270
556.234,68,189,-668
556.244,68,171,378
556.254,68,190,-618
556.264,68,169,328
556.274,68,188,-498
556.284,68,170,205
556.294,68,188,-605
556.303,68,172,199
556.315,68,188,-752
556.325,68,170,317
556.335,68,190,-717
556.345,68,172,218
556.355,68,192,-442
556.365,68,169,309
556.375,68,189,-451
556.385,68,171,314
556.395,68,192,-588
556.405,68,174,356
556.415,68,193,-511
556.424,68,174,346
556.436,68,191,-576
556.446,68,172,459
556.456,68,189,-711
556.466,68,172,592
556.476,68,187,-625
556.486,68,170,713
556.496,68,188,-749
556.506,68,170,529
556.516,68,192,-608
556.526,68,181,733
556.536,68,215,-393
556.545,68,195,484
556.557,68,197,-483
556.567,68,168,561
556.577,68,186,-691
556.587,68,171,496
556.597,68,190,-707
556.607,68,173,394
556.617,68,189,-859
556.627,68,174,458
556.637,68,191,-777
556.647,68,173,733
556.657,68,192,-169
556.667,68,174,2064
556.677,68,192,974
556.687,68,177,983
556.696,68,192,-845
556.708,68,180,227
556.718,68,190,-783
556.728,68,180,532
556.738,68,195,-659
556.748,68,185,454
556.758,68,198,-590
556.768,68,188,588
556.778,68,200,-608
556.788,68,189,660
556.797,68,205,-592
556.807,68,182,513
556.82,68,188,-381
556.829,68,176,600
556.839,68,184,-267
556.849,68,175,841
556.859,68,182,-346
556.869,68,172,1246
556.879,68,182,40
556.889,68,173,1242
556.899,68,182,145
556.908,68,172,1295
556.919,68,181,175
556.929,68,172,1174
556.94,68,184,-317
556.95,68,185,559
556.96,68,183,-698
556.97,68,187,328
556.98,68,183,-760
556.99,68,174,127
557,68,182,-907
557.01,68,174,261
557.02,68,182,-856
557.03,68,173,215
557.04,68,183,-892
557.05,68,173,275
557.061,68,180,-494
557.071,131,185,147
557.081,131,182,-457
557.091,131,184,122
557.101,131,183,-278
557.112,131,184,87
557.121,131,183,-586
557.131,131,185,49
557.141,131,181,-551
557.151,131,185,43
557.16,131,185,-645
557.17,131,184,512
557.182,131,182,-473
557.193,131,184,10
557.203,131,183,-308
557.212,131,186,156
557.222,131,183,-429
557.232,131,186,232
557.242,131,181,-410
557.252,131,185,215
557.262,131,184,-280
557.272,131,186,147
557.282,131,183,-358
557.292,131,185,314
557.301,131,186,-252
557.312,131,189,166
557.323,131,175,3
557.333,131,188,92
557.343,131,172,-384
557.353,131,185,113
557.363,131,173,-367
557.373,131,183,-19
557.383,131,172,-375
557.393,131,185,351
557.403,131,180,-299
557.413,131,186,303
557.422,131,185,-423
557.435,131,198,668
557.446,131,197,-240
557.455,131,219,770
557.467,131,176,-90
557.477,131,191,335
557.487,131,172,-391
557.497,131,190,327
557.507,131,173,-459
557.517,131,192,207
557.527,131,173,-289
557.537,131,194,67
557.547,131,174,-190
557.557,131,195,370
557.567,131,175,5
557.576,131,195,941
557.586,131,174,2372
557.598,131,197,-317
557.608,131,179,374
557.618,131,196,-850
557.628,131,183,354
557.638,131,203,-653
557.648,131,189,482
557.658,131,206,-669
557.668,131,191,607
557.678,131,211,-639
557.688,131,196,700
557.698,131,210,-573
557.707,131,188,444
557.719,131,201,-652
557.729,131,180,715
557.739,131,197,-368
557.749,131,178,713
557.759,131,194,-337
557.769,131,174,1114
557.779,131,192,12
557.789,131,173,1279
557.799,131,194,151
557.809,131,173,1552
557.819,131,192,356
557.828,131,176,1448
557.838,131,191,15
557.85,131,175,734
557.86,131,184,-601
557.87,131,175,529
557.88,131,185,-756
557.89,131,175,347
557.9,131,184,-1016
557.91,129,174,206
557.92,129,182,-964
557.93,129,174,419
557.939,129,195,-956
557.951,129,175,309
557.961,129,184,-734
557.971,129,176,232
557.981,129,185,-837
557.991,129,173,386
558.001,129,185,-835
558.011,129,175,359
558.021,129,184,-741
558.031,129,174,286
558.041,129,186,-799
558.051,129,171,174
558.06,129,186,-770
558.07,129,174,642
558.082,129,183,-638
558.092,129,187,324
558.102,129,184,-555
558.112,129,187,470
558.122,129,184,-732
558.132,129,174,483
558.143,129,182,-633
558.152,129,175,380
558.162,129,185,-704
558.172,129,171,563
558.182,129,185,-863
558.191,129,173,641
558.202,129,183,-678
558.213,129,191,99
558.223,129,187,-246
558.233,129,189,201
558.244,129,189,-303
558.253,129,187,190
558.263,129,183,-571
558.273,129,189,95
558.283,129,183,-452
558.293,129,186,284
558.303,129,182,-787
558.313,129,187,683
558.322,129,181,-663
558.333,129,189,548
558.344,129,186,-229
558.354,129,202,466
558.364,129,216,-196
558.374,129,204,556
558.384,129,188,-301
558.394,129,182,200
558.404,129,183,-473
558.414,129,185,219
558.424,129,186,-353
558.434,129,186,191
558.443,129,183,-310
558.453,129,188,72
558.463,129,187,-167
558.473,129,189,413
558.485,129,175,966
558.495,129,187,2058
558.505,129,178,909
558.515,129,192,146
558.525,129,180,-855
558.535,129,194,-117
558.545,100,182,-548
558.555,100,198,260
558.565,100,197,-518
558.575,100,203,91
558.585,100,202,-319
558.594,100,205,349
558.604,100,205,-368
558.616,100,203,-73
558.626,100,187,-47
558.636,100,199,-49
558.646,100,179,251
558.656,100,194,281
558.666,100,176,395
558.676,100,188,226
558.686,100,174,599
558.696,100,189,608
558.706,100,173,860
558.716,100,188,896
558.726,100,175,938
558.736,100,187,1036
558.745,100,174,435
558.756,100,185,468
558.767,100,174,328
558.777,100,188,-244
558.788,100,174,-5
558.797,100,188,-357
558.807,100,174,-318
558.817,100,187,-458
558.827,100,174,-213
558.837,100,190,-502
558.846,100,175,-259
558.857,100,188,-323
558.866,100,174,-270
558.876,100,190,-360
558.889,100,174,41
558.898,100,193,-732
558.908,100,174,127
558.918,100,194,-667
558.928,100,173,127
558.938,100,193,-687
558.948,100,171,55
558.958,100,194,-133
558.968,100,175,251
558.978,100,193,-246
558.987,100,174,104
558.997,100,190,-330
559.007,100,172,15
559.019,100,193,-588
559.029,100,172,338
559.039,100,191,-604
559.049,100,175,406
559.059,100,193,-676
559.069,100,173,276
559.079,100,193,-774
559.089,100,176,324
559.099,100,194,-493
559.109,100,179,242
559.119,100,196,-553
559.129,100,176,164
559.139,100,191,-672
559.148,100,175,93
559.16,100,190,-826
559.17,100,170,346
559.18,100,192,-547
559.19,100,175,438
559.2,100,191,-678
559.21,100,172,272
559.22,100,194,-292
559.23,100,180,523
559.24,100,223,-95
559.25,100,197,551
559.26,100,190,-335
559.27,100,170,261
559.279,100,190,-416
559.291,100,175,435
559.301,100,192,-860
559.311,100,177,501
559.321,100,194,-758
559.331,100,175,493
559.341,100,195,-729
559.351,100,177,666
559.361,100,195,-226
559.37,100,178,2394
559.38,100,195,719
559.39,100,179,353
559.4,100,199,-1005
559.41,100,182,21
559.422,100,201,-913
559.436,100,197,349
559.447,100,189,-738
559.457,61,203,563
559.468,61,193,-771
559.478,61,205,567
559.488,61,194,-636
559.498,61,202,554
559.508,61,182,-482
559.518,61,196,501
559.528,61,177,-443
559.538,61,191,758
559.547,61,176,-237
559.557,61,187,1020
559.569,61,174,746
559.579,61,193,261
559.589,61,174,1064
559.599,61,193,456
559.609,61,174,1120
559.619,61,190,942
559.629,61,176,792
559.639,61,193,144
559.649,61,174,394
559.659,61,194,-261
559.668,61,173,-145
559.679,61,187,-406
559.688,61,174,-392
559.698,61,187,-413
559.708,61,175,-295
559.72,61,195,-751
559.73,61,175,70
559.74,61,193,-722
559.75,61,175,80
559.76,61,190,-608
559.77,61,175,127
559.78,61,193,-665
559.79,61,175,206
559.8,61,193,-705
559.809,61,173,128
559.819,61,194,-611
559.829,61,174,139
559.839,61,194,-579
559.851,61,175,289
559.862,61,193,-412
559.871,61,174,240
559.881,61,193,-452
559.891,61,174,116
559.901,61,193,-481
559.911,61,173,348
559.92,61,193,-463
559.93,61,173,347
559.94,61,193,-586
559.952,61,176,628
559.962,61,192,-715
559.972,61,176,551
559.982,61,193,-712
559.992,61,175,524
560.002,61,193,-663
560.012,61,179,517
560.022,61,198,-646
560.032,61,178,556
560.042,61,194,-689
560.051,61,175,282
560.061,61,194,-656
560.071,61,173,391
560.081,61,193,-603
560.093,61,173,500
560.103,61,194,-808
560.113,61,175,570
560.123,61,193,-741
560.133,0,174,585
560.143,0,202,-495
560.153,0,194,923
560.163,0,227,-414
560.173,0,192,709
560.183,0,196,-695
560.192,0,173,685
560.202,0,194,-666
560.214,0,175,621
560.224,0,186,-731
560.234,0,178,688
560.244,0,186,-784
560.254,0,178,592
560.264,0,188,-708
560.273,0,177,1217
560.284,0,195,202
560.294,0,183,2497
560.304,0,196,560
560.313,0,181,601
560.326,0,193,-959
560.335,0,183,438
560.345,0,193,-849
560.355,0,188,521
560.365,0,199,-703
560.375,0,193,511
560.385,0,203,-573
560.394,0,197,493
560.405,0,203,-600
560.414,0,195,586
560.424,0,197,-305
560.436,0,194,569
560.446,0,190,-346
560.456,0,179,759
560.466,0,186,-270
560.476,0,178,901
560.486,0,184,-2
560.495,0,177,1179
560.505,0,185,248
560.515,0,177,1413
560.525,0,187,431
560.535,0,175,1175
560.547,0,186,476
560.557,0,191,554
560.567,0,182,-116
560.577,0,189,56
560.587,0,185,-722
560.596,0,188,-120
560.606,0,186,-756
560.617,0,187,-247
560.627,0,186,-802
560.636,0,188,225
560.646,0,186,-781
560.658,0,189,89
560.668,0,183,-681
560.678,0,190,34
560.688,0,184,-572
560.698,0,189,-184
560.708,0,185,-356
560.718,0,189,47
560.728,0,184,-450
560.737,0,188,134
560.747,0,184,-445
560.757,0,186,92
560.767,0,185,-364
560.777,0,187,133
560.789,0,174,7
560.799,0,189,-248
560.809,0,174,-332
560.819,0,188,-108
560.829,0,173,-447
560.839,0,188,-16
560.849,0,183,-397
560.858,0,185,101
560.868,0,185,-432
560.878,0,187,104
560.89,0,172,-137
560.9,0,187,-211
560.91,0,175,-66
560.92,0,186,-155
560.93,0,172,58
560.94,0,187,-401
560.949,0,172,38
560.959,0,187,-346
560.969,0,178,70
560.979,0,191,-153
560.991,0,172,14
561.001,0,195,-137
561.011,0,172,159
561.021,0,186,-174
561.031,0,172,-69
561.041,0,186,-116
561.05,0,173,-101
561.061,0,185,-274
561.07,0,173,9
561.08,0,187,-221
561.09,0,174,5
561.102,0,199,-235
561.112,0,197,604
561.122,0,220,-590
561.132,0,187,545
561.142,0,193,-604
561.152,0,172,161
561.162,0,190,-646
561.171,0,175,160
561.181,0,192,-165
561.191,0,175,82
561.203,0,194,-454
561.213,0,176,349
561.223,0,195,-463
561.233,0,175,853
561.243,0,195,789
561.253,0,176,2480
561.262,0,197,345
561.273,0,179,282
561.282,0,200,-783
561.292,0,183,101
561.303,0,201,-595
561.314,0,190,399
561.324,0,207,-687
561.334,0,192,531
561.344,0,212,-591
561.354,0,195,365
561.364,0,212,-673
561.374,0,193,472
561.383,0,205,-595
561.393,0,182,584
561.404,0,198,-215
561.413,0,178,732
561.425,0,193,-234
561.438,0,179,803
561.447,0,186,146
561.459,0,188,1294
561.469,0,185,102
561.479,0,190,1544
561.489,0,184,308
561.499,0,189,1419
561.508,0,185,-12
561.518,0,189,972
561.528,0,183,-529
561.538,0,189,494
561.549,0,183,-775
561.558,0,189,200
561.57,0,173,-576
561.58,0,189,-204
561.59,0,184,-768
561.6,0,190,-91
561.609,0,183,-516
561.62,0,188,-63
561.63,0,184,-699
561.639,0,188,-4
561.65,0,183,-439
561.66,0,189,-109
561.671,0,174,-64
561.681,0,189,-458
561.691,0,173,-25
561.701,0,188,-423
561.711,0,173,10
561.721,0,189,-211
561.73,0,177,90
561.74,0,189,-260
561.75,0,172,-17
561.76,0,187,-137
561.77,0,173,-427
561.782,0,188,-333
561.792,0,176,10
561.802,0,186,-455
561.812,0,173,39
561.822,0,188,-450
561.832,0,174,-23
561.841,0,190,-231
561.851,0,173,70
561.861,0,188,-177
561.871,0,174,99
561.881,0,189,-347
561.891,0,175,2
561.903,0,193,-629
561.913,0,174,247
561.923,0,195,-54
561.933,0,177,88
561.943,0,196,-253
561.952,0,178,205
561.962,0,190,-107
561.972,0,176,134
561.982,0,189,-323
561.993,0,174,-10
562.004,0,193,-518
562.014,0,174,483
562.024,0,191,-486
562.034,0,173,444
562.044,0,194,-573
562.054,0,175,537
562.064,0,205,-337
562.073,0,200,633
562.083,0,217,-283
562.094,60,182,403
562.104,60,191,-427
562.115,60,174,397
562.125,60,192,-630
562.135,60,175,295
562.145,60,194,-448
562.155,60,176,314
562.165,60,193,-496
562.174,60,174,380
562.185,60,195,-454
562.194,60,177,1106
562.205,60,197,968
562.214,60,176,2129
562.226,60,197,-467
562.236,60,181,264
562.246,60,199,-970
562.256,60,186,334
562.266,60,203,-717
562.275,60,191,478
562.285,60,206,-667
562.295,60,195,449
562.305,60,208,-776
562.315,60,198,467
562.326,60,209,-528
562.335,60,191,567
562.347,60,203,-642
562.357,60,184,651
562.367,60,197,-480
562.377,60,180,789
562.387,60,196,-311
562.397,60,179,1036
562.407,60,196,-57
562.417,60,177,1247
562.426,60,194,238
562.436,60,177,1304
562.446,60,195,471
562.457,60,176,1260
562.466,60,194,50
562.478,60,178,811
562.488,60,183,-583
562.498,60,181,421
562.508,60,185,-813
562.518,60,176,391
562.529,60,185,-950
562.538,60,178,382
562.547,60,184,-1053
562.558,60,179,207
562.567,60,195,-1043
562.577,60,178,288
562.587,60,193,-1048
562.599,60,180,240
562.609,60,184,-804
562.619,60,176,170
562.629,60,187,-637
562.639,60,178,357
562.649,60,185,-819
562.659,60,176,394
562.669,60,184,-683
562.679,60,178,192
562.688,60,184,-566
562.698,60,178,542
562.709,60,184,-638
562.719,60,178,390
562.728,60,182,-621
562.739,60,179,507
562.75,60,182,-748
562.76,60,177,524
562.77,60,186,-603
562.78,60,177,389
562.79,60,184,-704
562.8,60,178,468
562.809,60,184,-593
562.82,60,177,443
562.829,60,184,-619
562.84,60,178,480
562.849,60,182,-628
562.859,60,181,335
562.87,60,187,-588
562.879,60,182,322
562.891,60,186,-454
562.901,60,191,209
562.911,60,184,-478
562.921,60,189,66
562.93,60,182,-432
562.941,60,189,430
562.95,60,184,-519
562.96,60,189,476
562.971,60,180,-444
562.98,60,190,322
562.991,60,187,-356
563.002,60,209,326
563.012,60,214,2
563.022,60,205,268
563.032,60,184,-116
563.042,60,188,160
563.052,60,181,-273
563.062,60,189,51
563.072,60,184,-314
563.081,60,190,118
563.092,60,184,-259
563.101,60,191,-74
563.112,60,185,-164
563.122,60,190,288
563.131,60,186,422
563.143,60,192,1872
563.153,60,178,906
563.163,60,195,-140
563.173,60,181,-581
563.183,60,195,-145
563.193,60,193,-450
563.203,60,200,70
563.212,60,197,-276
563.222,60,206,75
563.232,60,202,-411
563.242,60,207,120
563.253,60,201,-197
563.262,60,208,179
563.273,60,196,-55
563.284,60,199,-128
563.294,60,176,409
563.304,60,193,52
563.314,60,176,415
563.324,60,192,378
563.334,60,173,662
563.344,60,189,601
563.354,60,174,1016
563.364,60,188,849
563.374,60,172,1012
563.383,60,189,717
563.393,60,171,548
563.404,60,191,387
563.415,60,171,284
563.425,60,191,-377
563.44,60,177,-63
563.449,60,183,-474
563.461,60,177,244
563.471,60,183,-1005
563.481,40,178,69
563.491,40,181,-875
563.501,40,177,68
563.511,40,181,-945
563.521,40,177,156
563.531,40,182,-984
563.541,40,175,228
563.55,40,183,-978
563.56,40,177,256
563.57,40,181,-782
563.58,40,177,153
563.592,40,183,-605
563.602,40,188,-108
563.612,40,182,-542
563.622,40,188,416
563.632,40,181,-604
563.642,40,189,355
563.652,40,181,-594
563.662,40,187,333
563.671,40,182,-756
563.681,40,176,352
563.691,40,181,-639
563.701,40,176,258
563.711,40,179,-619
563.721,40,177,330
563.733,40,181,-360
563.743,40,189,25
563.753,40,180,-268
563.763,40,188,-52
563.773,40,182,-203
563.782,40,190,-38
563.793,40,181,-303
563.802,40,187,12
563.812,40,181,-425
563.822,40,193,-5
563.832,40,184,-433
563.842,40,193,-131
563.852,40,183,-406
563.864,40,190,125
563.874,40,181,-255
563.884,40,189,32
563.894,40,182,-250
563.904,40,189,162
563.914,40,182,-326
563.923,40,187,88
563.933,40,180,-67
563.943,40,188,55
563.953,40,186,64
563.963,40,207,295
563.973,40,216,-10
563.983,40,208,231
563.995,40,170,315
564.005,40,188,-164
564.015,40,171,207
564.025,40,189,-95
564.034,40,173,240
564.045,40,190,-55
564.054,40,175,-401
564.064,40,190,-165
564.074,40,176,-255
564.084,40,193,265
564.096,40,174,1171
564.106,40,192,1837
564.116,40,176,1427
564.126,40,194,-513
564.136,40,179,-52
564.145,40,198,-619
564.156,40,182,57
564.165,40,201,-406
564.175,40,186,153
564.185,40,204,-369
564.195,40,189,194
564.205,40,209,-297
564.217,40,192,550
564.227,40,207,-354
564.237,40,184,422
564.247,40,201,-255
564.256,40,178,548
564.267,40,193,-17
564.276,40,174,564
564.286,40,189,51
564.296,40,171,662
564.306,40,189,496
564.316,40,171,866
564.328,40,192,161
564.338,40,172,1452
564.348,40,191,257
564.357,40,172,1066
564.368,40,191,-278
564.378,40,173,711
564.387,40,192,-680
564.397,40,172,252
564.407,40,192,-918
564.417,40,170,-26
564.427,40,193,-1056
564.437,40,172,21
564.449,40,192,-903
564.459,40,172,170
564.469,40,192,-828
564.479,40,170,233
564.489,40,192,-850
564.499,40,173,301
564.508,40,191,-785
564.518,40,173,419
564.529,40,192,-828
564.538,40,170,298
564.548,40,190,-976
564.559,40,171,678
564.568,40,190,-848
564.578,40,172,359
564.59,40,191,-837
564.6,40,177,473
564.61,40,192,-978
564.62,40,175,471
564.629,40,191,-761
564.639,40,177,345
564.65,40,192,-737
564.66,40,177,366
564.669,40,192,-935
564.68,40,178,426
564.689,40,190,-842
564.699,40,167,550
564.711,40,190,-765
564.721,40,176,518
564.731,40,189,-786
564.741,40,179,599
564.75,40,191,-775
564.761,40,177,585
564.77,40,190,-730
564.781,40,181,574
564.79,40,194,-581
564.8,40,181,604
564.81,40,194,-655
564.82,40,179,486
564.83,40,189,-1072
564.842,40,177,457
564.852,40,179,-801
564.862,40,176,425
564.872,40,178,-617
564.881,40,177,547
564.891,40,189,-689
564.901,40,177,482
564.911,40,194,-569
564.921,40,196,788
564.931,40,224,-613
564.941,40,195,766
564.951,40,191,-577
564.963,40,175,183
564.974,40,179,-492
564.983,40,176,217
564.993,40,180,-534
565.003,40,178,240
565.012,40,182,-455
565.023,40,179,390
565.032,40,181,-469
565.043,40,178,719
565.052,40,183,673
565.062,40,181,2604
565.074,40,182,614
565.084,40,183,171
565.094,40,188,-799
565.103,40,184,136
565.113,45,188,-694
565.123,45,189,231
565.133,45,194,-568
565.143,45,195,350
565.153,45,197,-531
565.163,45,196,359
565.173,45,197,-631
565.185,45,206,83
565.195,45,191,-157
565.205,45,198,19
565.215,45,184,-39
565.224,45,192,657
565.235,45,180,-72
565.245,45,190,818
565.255,45,181,205
565.264,45,189,1099
565.275,45,180,385
565.284,45,179,1142
565.294,45,179,370
565.306,45,191,783
565.316,45,180,669
565.326,45,189,369
565.335,45,181,6
565.345,45,192,-89
565.355,45,179,-359
565.365,45,191,-389
565.375,45,180,-295
565.385,45,191,-297
565.395,45,180,-341
565.405,45,190,-365
565.415,45,180,-492
565.427,45,192,-500
565.439,45,171,-475
565.449,45,189,-287
565.459,45,171,-613
565.471,45,191,-136
565.481,45,172,-253
565.49,45,190,-205
565.5,45,171,-166
565.511,45,191,-110
565.52,45,171,-89
565.53,45,190,-111
565.541,45,171,-166
565.55,45,191,-139
565.56,45,173,-80
565.572,45,192,-747
565.582,45,180,318
565.592,45,191,-756
565.602,45,179,454
565.612,45,192,-798
565.621,45,178,435
565.631,45,189,-862
565.642,45,179,492
565.652,45,190,-849
565.662,45,179,488
565.671,45,190,-814
565.681,45,179,520
565.692,45,194,-654
565.703,45,182,556
565.713,45,195,-670
565.723,45,181,543
565.732,45,194,-762
565.743,45,180,622
565.752,45,190,-940
565.762,45,180,463
565.773,45,190,-694
565.782,45,179,559
565.793,45,190,-561
565.802,45,180,501
565.814,45,177,-379
565.824,45,184,714
565.834,45,195,-205
565.844,45,213,733
565.853,45,195,-597
565.863,45,180,713
565.873,45,175,-616
565.883,45,176,435
565.894,45,190,-689
565.904,45,179,487
565.913,45,194,-753
565.923,45,181,486
565.935,45,180,-371
565.946,45,181,134
565.955,45,182,-176
565.965,45,183,928
565.974,45,183,1557
565.984,45,184,1394
565.994,45,184,-429
566.005,45,186,-178
566.014,45,186,-726
566.024,45,188,241
566.034,45,192,-526
566.044,45,192,549
566.054,45,196,-412
566.064,45,198,424
566.076,45,199,-424
566.086,45,201,357
566.096,45,196,-303
566.106,45,194,370
566.115,45,189,-231
566.126,45,185,546
566.136,45,182,-122
566.145,45,185,648
566.155,45,181,-31
566.165,45,181,898
566.175,45,181,156
566.185,45,181,1133
566.197,56,180,938
566.207,56,192,835
566.216,56,181,851
566.226,56,193,615
566.236,56,183,307
566.246,56,192,101
566.256,56,181,-331
566.266,56,194,177
566.277,56,180,-328
566.286,56,193,74
566.296,56,181,-608
566.306,56,193,85
566.318,56,178,-287
566.328,56,194,-345
566.338,56,179,-244
566.348,56,194,-270
566.358,56,178,-331
566.367,56,193,-99
566.378,56,180,-321
566.388,56,193,-203
566.397,56,180,-151
566.407,56,193,-271
566.417,56,180,-111
566.427,56,194,-175
566.437,56,178,14
566.447,56,193,-394
566.459,56,175,29
566.469,56,192,-434
566.479,56,172,-67
566.489,56,193,-500
566.498,56,178,-134
566.508,56,192,-113
566.518,56,179,-48
566.528,56,193,-112
566.538,56,180,-258
566.548,56,195,-139
566.558,56,180,-31
566.57,56,197,-664
566.58,56,178,344
566.59,56,196,-501
566.599,56,174,317
566.609,56,191,-490
566.619,56,172,411
566.629,56,195,-507
566.639,56,170,347
566.649,56,192,-406
566.66,56,173,411
566.669,56,194,-306
566.681,56,176,419
566.691,56,196,-428
566.701,56,185,534
566.711,56,222,-345
566.721,56,191,532
566.73,56,197,-506
566.74,56,171,223
566.75,56,189,-518
566.761,56,175,459
566.77,56,194,-729
566.78,56,175,331
566.79,56,193,-509
566.802,56,176,570
566.812,56,194,-560
566.822,56,176,736
566.832,56,194,-8
566.841,56,175,2362
566.851,56,197,389
566.862,56,176,648
566.871,56,196,-771
566.881,56,181,145
566.892,56,200,-634
566.901,56,183,480
566.911,56,206,-500
566.921,56,188,233
566.933,56,208,-621
566.943,56,191,658
566.953,56,209,-632
566.963,56,191,627
566.972,56,203,-730
566.982,56,183,751
566.992,56,196,-675
567.002,56,178,786
567.012,56,193,-331
567.023,56,174,858
567.032,56,190,-225
567.042,56,176,1254
567.052,56,189,55
567.062,56,176,1396
567.072,56,187,162
567.082,56,175,1460
567.094,56,193,31
567.104,56,181,1023
567.114,56,193,-412
567.123,56,174,481
567.133,56,190,-710
567.144,56,174,379
567.153,56,192,-1022
567.163,56,173,381
567.173,56,193,-871
567.183,56,172,255
567.193,56,194,-864
567.203,56,172,233
567.213,56,192,-931
567.224,56,174,435
567.235,56,190,-817
567.245,56,181,352
567.255,56,193,-909
567.264,56,182,253
567.274,56,190,-847
567.284,56,185,363
567.295,56,188,-933
567.305,56,184,615
567.314,56,190,-987
567.324,56,185,591
567.334,56,191,-982
567.344,56,182,536
567.354,56,191,-823
567.366,56,182,317
567.376,56,190,-749
567.386,56,184,507
567.395,56,191,-567
567.406,56,183,351
567.416,56,192,-597
567.425,56,183,293
567.435,56,191,-606
567.446,56,187,316
567.456,56,194,-554
567.468,56,184,564
567.479,56,180,-810
567.487,56,185,562
567.497,56,176,-778
567.508,56,184,547
567.517,56,178,-781
567.527,56,182,553
567.538,56,177,-734
567.547,56,183,537
567.557,56,176,-736
567.57,56,192,455
567.579,56,180,138
567.589,56,217,404
567.599,56,212,-115
567.608,56,207,401
567.619,56,177,-54
567.628,56,180,63
567.638,56,176,-317
567.648,56,183,159
567.658,56,178,-426
567.669,56,184,122
567.678,56,178,-341
567.688,56,184,38
567.698,56,181,-263
567.71,56,196,-155
567.719,56,181,1197
567.73,56,196,1792
567.74,56,184,1165
567.749,56,196,-457
567.759,56,185,-414
567.769,56,202,-529
567.779,56,187,-194
567.789,56,205,-417
567.799,56,191,-125
567.809,56,211,-411
567.819,56,195,-156
567.831,56,214,-85
567.84,56,197,57
567.85,56,211,-91
567.86,56,192,302
567.871,56,203,11
567.88,56,184,242
567.89,56,195,80
567.901,56,179,459
567.911,56,196,186
567.92,56,181,673
567.93,56,194,393
567.94,56,178,960
567.952,56,190,328
567.961,56,174,1450
567.972,56,194,387
567.981,56,174,1232
567.991,56,194,62
568.001,56,175,308
568.011,56,194,-453
568.021,56,173,-184
568.031,56,195,-745
568.041,56,174,-196
568.051,56,194,-372
568.061,40,179,-267
568.073,40,194,-928
568.083,40,174,-58
568.092,40,193,-795
568.103,40,175,250
568.112,40,194,-812
568.123,40,175,267
568.132,40,194,-726
568.142,40,174,278
568.152,40,192,-771
568.162,40,175,346
568.172,40,192,-732
568.183,40,173,320
568.192,40,193,-570
568.202,40,172,331
568.212,40,194,-462
568.224,40,175,357
568.233,40,191,-580
568.244,40,172,312
568.253,40,193,-724
568.263,40,174,268
568.274,40,194,-691
568.283,40,173,234
568.293,40,193,-694
568.304,40,171,256
568.313,40,197,-724
568.323,40,179,375
568.333,40,198,-754
568.345,40,178,477
568.355,40,190,-692
568.364,40,174,479
568.375,40,188,-830
568.385,40,173,513
568.394,40,190,-691
568.404,40,173,618
568.414,40,187,-773
568.424,40,173,527
568.434,40,188,-649
568.444,40,173,810
568.454,40,197,-324
568.466,40,197,799
568.476,40,216,-457
568.485,40,186,711
568.495,40,188,-708
568.505,40,171,584
568.515,40,189,-790
568.526,40,173,538
568.535,40,189,-806
568.545,40,173,489
568.555,40,192,-835
568.565,40,176,491
568.575,40,192,-754
568.587,40,186,870
568.596,40,194,768
568.607,40,188,2116
568.616,40,194,-49
568.627,40,190,377
568.637,40,196,-1044
568.646,40,194,368
568.657,40,198,-850
568.666,40,187,419
568.676,40,206,-786
568.686,40,193,556
568.696,40,210,-631
568.707,40,192,702
568.716,40,208,-568
568.728,40,200,690
568.738,40,201,-479
568.748,40,193,678
568.758,40,194,-355
568.767,40,191,708
568.778,40,192,-64
568.787,40,188,804
568.797,40,191,15
568.808,40,188,1261
568.817,40,190,336
568.828,40,186,1440
568.837,40,193,135
568.847,40,188,1227
568.857,40,190,72
568.869,40,186,779
568.878,40,188,-318
568.889,40,190,317
568.899,40,191,-651
568.908,40,187,192
568.919,40,191,-853
568.928,40,188,124
568.939,40,191,-701
568.948,40,188,107
568.958,40,191,-656
568.968,40,187,338
568.978,40,191,-671
568.988,40,186,211
568.998,40,192,-760
569.01,40,189,-135
569.02,40,179,-107
569.029,40,187,94
569.04,40,180,-256
569.049,40,190,155
569.06,40,179,-624
569.069,40,186,180
569.079,40,179,-636
569.089,40,188,188
569.099,40,176,-583
569.109,40,189,330
569.119,40,190,-681
569.131,40,187,31
569.141,40,177,-126
569.15,40,187,-4
569.16,40,177,-252
569.17,40,187,71
569.18,40,181,-65
569.19,40,189,28
569.2,40,182,-334
569.21,40,192,1
569.221,40,181,-124
569.23,40,188,-169
569.24,40,177,-51
569.25,40,187,132
569.261,40,181,-25
569.271,40,196,-64
569.281,40,179,-47
569.291,40,196,25
569.301,40,180,-223
569.311,40,190,200
569.321,0,192,-99
569.331,0,218,390
569.341,0,198,134
569.351,0,190,47
569.362,0,175,251
569.373,0,194,-472
569.382,0,178,231
569.393,0,197,-228
569.402,0,180,114
569.412,0,196,-355
569.422,0,181,193
569.432,0,197,-325
569.443,0,181,-427
569.453,0,200,901
569.464,0,180,1706
569.474,0,200,1647
569.484,0,183,-89
569.495,0,203,-135
569.504,0,184,-502
569.514,0,206,67
569.524,0,187,-641
569.534,0,210,312
569.544,0,194,-565
569.554,0,215,424
569.564,0,196,-536
569.576,0,216,-378
569.585,0,192,652
569.595,0,208,-629
569.605,0,183,611
569.615,0,201,-370
569.625,0,180,801
569.635,0,195,-321
569.645,0,177,980
569.655,0,197,-135
569.665,0,177,1227
569.675,0,196,238
569.685,0,177,1448
569.697,0,192,250
569.707,0,176,1538
569.716,0,193,104
569.727,0,175,950
569.736,0,190,-468
569.746,0,178,492
569.756,0,196,-871
569.766,0,177,90
569.776,0,197,-884
569.786,0,176,115
569.798,0,191,-978
569.807,0,176,267
569.817,0,188,-1003
569.828,0,175,386
569.837,0,191,-1052
569.847,0,176,244
569.857,0,188,-1019
569.867,0,175,399
569.877,0,189,-808
569.887,0,178,408
569.897,0,189,-856
569.907,0,176,483
569.917,0,190,-872
569.929,0,187,445
569.938,0,188,-839
569.948,0,175,505
569.958,0,189,-865
569.968,0,177,380
569.978,0,190,-831
569.988,0,176,605
569.998,0,190,-867
570.008,0,174,523
570.018,0,192,-695
570.029,0,189,221
570.04,0,190,-501
570.049,0,192,304
570.059,0,192,-621
570.069,0,186,174
570.079,0,190,-764
570.089,0,186,241
570.099,0,189,-595
570.109,0,186,303
570.119,0,188,-668
570.129,0,186,579
570.139,0,187,-803
570.151,0,188,466
570.161,0,191,-652
570.17,0,198,364
570.18,0,218,-187
570.191,0,206,532
570.2,0,191,-471
570.211,0,185,409
570.22,0,184,-545
570.23,0,189,393
570.24,0,189,-519
570.25,0,187,253
570.261,0,178,-145
570.272,0,188,51
570.281,0,178,4
570.291,0,188,336
570.301,0,180,-83
570.311,0,189,2048
570.321,0,191,914
570.331,0,193,446
570.341,0,194,-705
570.351,0,194,-99
570.361,0,196,-528
570.372,0,196,-138
570.382,0,191,-221
570.393,0,199,-112
570.403,0,195,-158
570.412,0,203,-45
570.422,0,196,-110
570.433,0,202,-5
570.442,0,189,-11
570.452,0,194,208
570.462,0,182,177
570.472,0,190,406
570.484,0,179,378
570.493,0,196,377
570.503,0,177,280
570.513,0,187,685
570.523,0,176,419
570.533,0,187,802
570.543,0,176,656
570.553,0,188,861
570.563,0,177,537
570.573,0,189,500
570.583,0,176,-6
570.593,0,186,-73
570.604,0,177,140
570.614,0,195,-618
570.624,0,177,-82
570.634,0,196,-732
570.644,0,175,-154
570.654,0,196,-781
570.664,0,178,-141
570.674,0,195,-741
570.684,0,177,-65
570.694,0,195,-170
570.704,0,176,11
570.714,0,192,-212
570.725,0,178,102
570.736,0,193,-505
570.745,0,177,49
570.755,0,195,-516
570.765,0,175,105
570.776,0,195,-657
570.786,0,175,244
570.795,0,194,-453
570.805,0,177,229
570.815,0,194,-499
570.825,0,175,134
570.837,0,195,-768
570.846,0,175,296
570.856,0,194,-534
570.866,0,174,92
570.876,0,193,-593
570.886,0,174,253
570.896,0,195,-680
570.907,0,177,153
570.916,0,197,-431
570.926,0,176,243
570.936,0,194,-316
570.946,0,179,323
570.957,0,199,-768
570.967,0,179,577
570.978,0,195,-872
570.987,0,175,521
570.997,0,195,-693
571.007,0,176,422
571.017,0,192,-657
571.027,0,177,561
571.037,0,194,-551
571.047,0,174,675
571.057,0,194,-606
571.067,0,178,492
571.078,0,199,-406
571.087,0,198,509
571.098,0,229,-480
571.108,0,188,459
571.118,0,193,-540
571.128,0,174,535
571.138,0,194,-846
571.148,0,177,373
571.158,0,194,-607
571.168,0,176,534
571.178,0,196,-736
571.189,0,179,432
571.2,0,190,-531
571.209,0,176,854
571.219,0,195,699
571.229,30,180,2730
571.239,30,193,66
571.249,30,182,316
571.259,30,195,-815
571.269,30,183,438
571.279,30,199,-669
571.289,30,188,405
571.299,30,204,-649
571.309,30,193,409
571.32,30,208,-534
571.33,30,196,564
571.341,30,207,-757
571.351,30,193,722
571.36,30,199,-540
571.37,30,182,627
571.38,30,194,-481
571.39,30,179,902
571.4,30,190,-351
571.41,30,177,918
571.42,30,189,-78
571.43,30,177,1191
571.444,30,178,184
571.454,30,187,1542
571.466,30,178,321
571.475,30,196,1461
571.485,30,179,64
571.495,30,193,971
571.505,30,177,-641
571.516,30,198,504
571.525,30,178,-847
571.536,30,187,187
571.545,30,177,-1013
571.555,30,189,307
571.565,30,177,-987
571.575,30,189,192
571.585,30,178,-391
571.595,30,187,-237
571.605,30,177,-294
571.616,30,195,-535
571.626,30,178,74
571.636,30,196,-665
571.646,30,177,225
571.656,30,196,-581
571.666,30,178,-103
571.676,30,195,-629
571.686,30,178,56
571.696,30,197,-123
571.706,30,174,32
571.716,30,195,-118
571.728,30,177,116
571.737,30,195,-454
571.747,30,177,253
571.757,30,197,-444
571.767,30,177,187
571.777,30,193,-515
571.787,30,178,186
571.797,30,192,-443
571.808,30,178,360
571.817,30,194,-437
571.827,30,178,318
571.838,30,196,-645
571.848,30,176,471
571.858,30,195,-653
571.869,30,180,475
571.878,30,197,-632
571.888,30,180,229
571.898,30,197,-646
571.908,30,178,259
571.919,30,195,-542
571.928,30,175,200
571.939,30,195,-317
571.948,30,178,196
571.958,30,196,-307
571.968,30,175,252
571.978,30,195,-347
571.99,30,178,538
571.999,30,197,-443
572.009,30,188,661
572.019,30,222,-300
572.03,30,204,621
572.039,30,208,-420
572.049,30,174,489
572.059,30,193,-670
572.069,30,179,473
572.079,30,198,-564
572.089,30,179,549
572.099,30,199,-756
572.109,30,181,526
572.12,30,193,-565
572.13,30,179,547
572.141,30,200,-123
572.15,30,182,1921
572.16,30,203,1225
572.17,30,183,1273
572.18,30,202,-945
572.19,30,183,163
572.2,30,206,-888
572.21,30,190,555
572.22,30,208,-757
572.231,30,194,480
572.242,30,208,-587
572.252,53,197,512
572.261,53,208,-657
572.272,53,197,710
572.281,53,204,-472
572.291,53,189,935
572.301,53,196,-437
572.311,53,182,815
572.321,53,194,-382
572.331,53,180,1109
572.341,53,190,-134
572.351,53,180,1129
572.361,53,192,122
572.372,53,176,1453
572.382,53,192,267
572.392,53,179,1408
572.402,53,189,184
572.412,53,181,1204
572.422,53,191,-410
572.432,53,179,400
572.442,53,192,-887
572.452,53,180,430
572.462,53,191,-900
572.472,53,178,47
572.482,53,192,-894
572.492,53,179,275
572.503,53,192,-1087
572.513,53,193,376
572.523,53,191,-856
572.533,53,190,164
572.543,53,193,-699
572.554,53,192,406
572.563,53,191,-796
572.573,53,177,437
572.583,53,191,-724
572.593,53,181,342
572.603,53,189,-841
572.613,53,179,624
572.623,53,191,-746
572.634,53,191,308
572.644,53,191,-423
572.655,53,190,291
572.664,53,189,-493
572.674,53,191,330
572.684,53,192,-488
572.694,53,191,206
572.704,53,191,-772
572.714,53,191,234
572.724,53,192,-504
572.734,53,190,113
572.744,53,191,-644
572.754,53,190,465
572.765,53,193,-470
572.776,53,193,296
572.785,53,192,-531
572.795,53,195,168
572.805,53,193,-330
572.815,53,192,377
572.825,53,191,-460
572.835,53,191,308
572.845,53,190,-433
572.855,53,191,423
572.865,53,189,-408
572.875,53,190,391
572.885,53,191,-516
572.896,53,190,261
572.906,53,181,97
572.916,53,200,175
572.926,53,207,280
572.936,53,214,266
572.946,53,184,-358
572.956,53,186,189
572.966,53,177,-445
572.976,53,188,125
572.986,53,190,-600
572.996,53,191,240
573.007,53,180,-115
573.018,53,193,-67
573.028,53,181,-95
573.038,53,193,43
573.047,53,182,470
573.057,53,193,1266
573.067,53,183,1426
573.078,53,196,457
573.087,53,187,-442
573.097,53,195,-364
573.107,53,189,-306
573.117,53,200,-70
573.127,53,193,-101
573.137,53,204,82
573.149,53,194,147
573.159,53,217,-17
573.168,53,197,145
573.178,53,215,30
573.188,53,192,-50
573.198,53,201,82
573.208,53,184,153
573.218,53,195,216
573.228,53,182,124
573.238,53,193,249
573.248,53,177,376
573.258,53,191,739
573.268,53,179,582
573.278,53,192,727
573.29,53,178,1333
573.299,53,197,360
573.309,53,178,1119
573.319,53,195,-13
573.329,53,179,439
573.339,53,198,-546
573.349,53,179,59
573.359,53,196,-239
573.37,53,179,-123
573.379,53,198,-369
573.389,53,178,-218
573.399,53,198,-477
573.41,53,179,28
573.421,53,196,-809
573.43,53,179,212
573.44,53,193,-775
573.45,53,180,-766
573.46,53,197,-134
573.47,53,179,-903
573.48,53,196,360
573.49,53,178,-888
573.5,53,198,261
573.51,53,179,-768
573.52,53,195,398
573.53,53,179,-765
573.541,53,197,202
573.551,53,178,-584
573.561,53,195,170
573.571,53,179,-433
573.581,53,195,-603
573.591,53,178,69
573.601,53,195,-629
573.611,53,179,182
573.621,53,197,-459
573.631,53,176,248
573.641,53,196,-381
573.651,53,177,150
573.662,53,195,-681
573.672,53,179,556
573.682,53,196,-776
573.692,53,178,392
573.702,53,200,-590
573.712,53,181,436
573.722,53,202,-702
573.732,53,180,450
573.742,53,198,-564
573.752,53,179,540
573.762,53,196,-793
573.773,53,177,521
573.783,53,189,-702
573.794,53,179,371
573.803,53,195,-649
573.814,53,179,436
573.823,53,197,-688
573.833,53,181,707
573.843,53,206,-489
573.853,53,211,827
573.863,53,221,-514
573.873,53,180,603
573.883,53,194,-649
573.893,53,177,532
573.903,53,195,-723
573.914,53,180,404
573.924,53,187,-593
573.934,53,178,493
573.944,53,190,-596
573.954,53,179,633
573.964,53,188,-474
573.974,53,181,1186
573.984,53,192,942
573.994,53,180,2001
574.004,53,193,-318
574.014,53,184,284
574.024,31,195,-901
574.034,31,186,233
574.045,31,200,-659
574.056,31,189,361
574.065,31,205,-808
574.076,31,195,525
574.086,31,207,-741
574.095,31,197,415
574.105,31,205,-642
574.115,31,192,673
574.125,31,197,-604
574.135,31,183,573
574.145,31,193,-389
574.155,31,180,693
574.166,31,190,-219
574.177,31,189,1073
574.186,31,188,-97
574.196,31,192,1205
574.206,31,189,241
574.216,31,177,1384
574.226,31,189,287
574.236,31,178,1189
574.246,31,187,-39
574.256,31,179,724
574.266,31,187,-676
574.277,31,191,189
574.287,31,190,-604
574.297,31,191,93
574.307,31,189,-765
574.317,31,189,-100
574.327,31,189,-605
574.337,31,189,-21
574.347,31,188,-866
574.357,31,189,7
574.367,31,188,-790
574.378,31,191,-98
574.388,31,187,-569
574.398,31,188,1
574.408,31,187,-511
574.418,31,191,204
574.428,31,186,-508
574.438,31,190,152
574.448,31,187,-685
574.458,31,190,172
574.468,31,187,-591
574.478,31,189,141
574.488,31,189,-433
574.499,31,190,-283
574.509,31,176,23
574.519,31,191,-137
574.529,31,176,-133
574.539,31,190,-109
574.549,31,176,53
574.559,31,189,-127
574.569,31,177,-425
574.579,31,191,-26
574.589,31,178,-449
574.599,31,189,178
574.609,31,186,-528
574.619,31,190,295
574.63,31,179,-5
574.64,31,190,-230
574.65,31,175,38
574.66,31,196,-241
574.67,31,181,-28
574.68,31,192,-164
574.69,31,180,-22
574.7,31,192,-167
574.71,31,174,90
574.72,31,188,-84
574.73,31,174,22
574.74,31,190,-83
574.75,31,175,46
574.761,31,193,-46
574.772,31,175,226
574.781,31,193,-247
574.791,31,181,629
574.801,31,202,120
574.811,31,209,92
574.821,31,211,81
574.831,31,177,82
574.841,31,187,-132
574.851,31,175,-116
574.861,31,190,-278
574.871,31,178,11
574.881,31,190,-266
574.893,31,178,258
574.902,31,196,-583
574.912,31,180,434
574.922,31,199,-266
574.932,31,179,1014
574.942,31,200,1542
574.952,31,180,1476
574.962,31,202,-593
574.972,31,185,-81
574.982,31,202,-429
574.992,31,186,97
575.002,31,206,-236
575.013,31,190,252
575.024,31,212,-474
575.033,31,195,357
575.043,31,216,-342
575.053,31,196,417
575.063,31,213,-415
575.073,31,192,534
575.083,31,204,-367
575.093,31,184,583
575.103,31,200,-89
575.115,31,181,842
575.125,31,197,-208
575.134,31,181,1084
575.144,31,198,36
575.155,31,180,1387
575.164,31,199,289
575.174,31,179,1379
575.184,31,198,282
575.194,31,179,1086
575.204,31,198,172
575.214,31,180,506
575.224,31,195,-351
575.236,31,182,448
575.245,31,196,-949
575.255,52,181,288
575.265,52,198,-932
575.275,52,181,429
575.285,52,198,-950
575.295,52,180,442
575.305,52,197,-961
575.315,52,182,421
575.325,52,198,-926
575.335,52,181,411
575.345,52,198,-713
575.356,52,180,265
575.366,52,190,-637
575.376,52,180,343
575.386,52,198,-726
575.396,52,180,428
575.406,52,198,-790
575.416,52,182,430
575.426,52,199,-718
575.436,52,182,417
575.447,52,187,-80
575.457,52,182,192
575.467,52,187,-242
575.478,52,182,447
575.488,52,189,-480
575.498,52,181,391
575.508,52,189,-548
575.518,52,181,384
575.528,52,189,-504
575.538,52,181,358
575.548,52,189,-483
575.558,52,179,383
575.568,52,190,-560
575.578,52,180,217
575.588,52,189,-582
575.598,52,182,454
575.609,52,189,-372
575.619,52,192,175
575.629,52,192,-454
575.639,52,198,175
575.649,52,192,-479
575.659,52,195,472
575.669,52,191,-507
575.679,52,193,518
575.689,52,189,-639
575.699,52,193,533
575.709,52,189,-594
575.719,52,182,588
575.729,52,187,-472
575.74,52,193,243
575.75,52,189,-212
575.76,52,200,430
575.77,52,202,-37
575.78,52,225,493
575.79,52,207,-68
575.8,52,193,313
575.81,52,188,-283
575.82,52,191,183
575.83,52,190,-225
575.84,52,194,149
575.85,52,189,-388
575.861,52,194,-83
575.871,52,179,-360
575.881,52,196,100
575.891,52,183,-15
575.901,52,198,959
575.911,52,193,1708
575.921,52,198,1343
575.931,52,194,-327
575.942,52,200,-15
575.951,52,197,-653
575.961,52,203,100
575.971,52,198,-326
575.981,52,206,80
575.991,52,203,-468
576.001,52,212,148
576.012,52,197,152
576.022,52,211,-196
576.032,52,194,323
576.042,52,205,100
576.052,52,187,300
576.062,52,199,177
576.072,52,182,432
576.082,52,196,369
576.092,52,181,57
576.102,52,194,418
576.112,52,182,261
576.122,52,191,704
576.133,52,181,968
576.143,52,193,653
576.153,52,178,876
576.163,52,195,457
576.173,52,176,461
576.183,129,194,-28
576.193,129,180,46
576.203,129,194,-401
576.213,129,179,-158
576.223,129,193,-496
576.233,129,179,-258
576.243,129,194,-442
576.253,129,179,-355
576.264,129,201,-727
576.274,129,177,-19
576.284,129,199,-502
576.294,129,179,86
576.304,129,198,-501
576.314,129,178,50
576.324,129,200,-379
576.334,129,180,-136
576.344,129,194,-450
576.354,129,179,-189
576.364,129,193,-348
576.374,129,179,-46
576.384,129,193,-467
576.395,129,176,337
576.405,129,198,-806
576.415,129,178,338
576.425,129,196,-647
576.435,129,177,335
576.445,129,197,-697
576.455,129,177,261
576.465,129,197,-576
576.475,129,177,288
576.485,129,196,-618
576.495,129,178,200
576.505,129,197,-635
576.515,129,179,189
576.525,129,199,-383
576.537,129,182,409
576.546,129,202,-535
576.557,129,180,322
576.566,129,199,-642
576.576,129,177,434
576.586,129,196,-633
576.596,129,175,490
576.606,129,198,-655
576.616,129,178,466
576.626,129,196,-589
576.636,129,179,337
576.646,129,196,-556
576.656,129,182,532
576.667,129,209,-428
576.677,129,210,826
576.687,129,216,-589
576.697,129,180,652
576.707,129,195,-784
576.717,129,178,401
576.727,129,198,-902
576.737,129,183,422
576.747,129,197,-670
576.757,129,183,275
576.767,129,195,-591
576.777,129,180,329
576.788,129,197,-448
576.798,129,184,1150
576.808,129,200,1211
576.818,129,184,1784
576.828,129,203,-819
576.838,129,187,322
576.848,129,203,-1116
576.858,129,187,460
576.868,129,209,-647
576.878,129,195,465
576.888,129,210,-741
576.898,129,200,365
576.908,129,215,-621
576.918,129,200,472
576.929,129,202,-487
576.939,129,192,665
576.949,129,193,-564
576.959,129,187,749
576.969,129,198,-503
576.979,129,183,761
576.989,129,198,-346
576.999,129,182,1116
577.009,129,197,-127
577.019,129,180,1143
577.029,129,196,229
577.039,129,181,1441
577.049,64,197,214
577.059,64,181,1225
577.07,64,186,-214
577.08,64,181,544
577.09,64,186,-548
577.1,64,180,204
577.111,64,188,-788
577.12,64,184,261
577.13,64,187,-838
577.14,64,181,246
577.15,64,187,-886
577.16,64,180,209
577.17,64,185,-986
577.18,64,180,352
577.191,64,187,-807
577.201,64,180,172
577.211,64,186,-759
577.221,64,180,227
577.231,64,187,-781
577.241,64,183,221
577.251,64,184,-531
577.261,64,180,106
577.271,64,186,-765
577.281,64,182,300
577.291,64,185,-697
